loan_id,predicted_default_prob,anomaly_score,top_driver,action,confidence
L100001,0.23069816339106775,0,current_balance,monitor,low
L100001,0.24806083908116314,0,current_balance,monitor,low
L100001,0.2658658763450829,0,current_balance,monitor,low
L100001,0.24817262272695864,0,current_balance,monitor,low
L100001,0.2601101483384284,0,current_balance,monitor,low
L100001,0.2515874987321878,0,current_balance,monitor,low
L100001,0.29930084221345976,0,current_balance,monitor,low
L100001,0.27684955221421953,0,current_balance,monitor,low
L100001,0.31376456292357724,0,current_balance,monitor,medium
L100001,0.26238505240345433,0,current_balance,monitor,low
L100001,0.3091567399056166,0,current_balance,monitor,medium
L100001,0.24157629872951042,0,current_balance,monitor,low
L100005,0.4794820097397732,0,current_balance,monitor,medium
L100005,0.4833241359499376,0,current_balance,monitor,medium
L100005,0.48231947210781373,0,current_balance,monitor,medium
L100005,0.47957910676205684,0,current_balance,monitor,medium
L100005,0.47682969128855207,0,current_balance,monitor,medium
L100005,0.4840415388050073,0,current_balance,monitor,medium
L100005,0.475081931707001,0,current_balance,monitor,medium
L100005,0.48143540455506634,0,current_balance,monitor,medium
L100005,0.4670640649715071,0,current_balance,monitor,medium
L100005,0.4654676015951145,0,current_balance,monitor,medium
L100005,0.44062551284174134,0,current_balance,monitor,medium
L100005,0.41195512564400405,0,current_balance,monitor,medium
L100011,0.5416842368647109,0,current_balance,review,medium
L100011,0.5288106729112785,0,current_balance,review,medium
L100011,0.5357953617925663,0,current_balance,review,medium
L100011,0.5550067582771944,0,current_balance,review,medium
L100011,0.5502143008811491,0,current_balance,review,medium
L100011,0.5375516945869375,0,current_balance,review,medium
L100011,0.5318223298588453,0,current_balance,review,medium
L100011,0.5368685862018229,0,current_balance,review,medium
L100011,0.5470596312640541,0,current_balance,review,medium
L100011,0.5176112938362377,0,current_balance,review,medium
L100011,0.4812253705490383,0,current_balance,monitor,medium
L100011,0.40893740424076086,0,current_balance,monitor,medium
L100018,0.4119651756709637,0,current_balance,monitor,medium
L100018,0.4506232223232724,0,current_balance,monitor,medium
L100018,0.3787469556347148,0,current_balance,monitor,medium
L100018,0.366348173014476,0,current_balance,monitor,medium
L100018,0.3021295393469759,0,current_balance,monitor,medium
L100018,0.27742906155532293,0,current_balance,monitor,low
L100018,0.23777382071523318,0,current_balance,monitor,low
L100018,0.3114742898986046,0,current_balance,monitor,medium
L100018,0.33203118376810875,0,current_balance,monitor,medium
L100018,0.36961338925173043,0,current_balance,monitor,medium
L100018,0.4312933216562486,0,current_balance,monitor,medium
L100018,0.3226024377998528,0,current_balance,monitor,medium
L100021,0.47486372991614145,0,current_balance,monitor,medium
L100021,0.5158409009707869,0,current_balance,review,medium
L100021,0.5090689777826856,0,current_balance,review,medium
L100021,0.11062868891129225,0,current_balance,monitor,low
L100029,0.5001095109312417,0,current_balance,review,medium
L100029,0.4532887515375442,0,current_balance,monitor,medium
L100029,0.5017263876687708,0,current_balance,review,medium
L100029,0.4777221177988579,0,current_balance,monitor,medium
L100029,0.4855967293211974,0,current_balance,monitor,medium
L100029,0.46994910800583,0,current_balance,monitor,medium
L100029,0.45317550635038395,0,current_balance,monitor,medium
L100029,0.4658605433916684,0,current_balance,monitor,medium
L100029,0.4657766032577384,0,current_balance,monitor,medium
L100029,0.4844514898516599,0,current_balance,monitor,medium
L100029,0.4565220608716193,0,current_balance,monitor,medium
L100029,0.41083300323778355,0,current_balance,monitor,medium
L100033,0.4605282930344118,0,current_balance,monitor,medium
L100033,0.45217950797381967,0,current_balance,monitor,medium
L100033,0.4569104617482113,0,current_balance,monitor,medium
L100033,0.4581099990249811,0,current_balance,monitor,medium
L100033,0.48152512630548316,0,current_balance,monitor,medium
L100035,0.5054814724172966,0,current_balance,review,medium
L100035,0.5273880815264145,0,current_balance,review,medium
L100035,0.49015648351928504,0,current_balance,monitor,medium
L100035,0.4759967470177962,0,current_balance,monitor,medium
L100035,0.48149996211677754,0,current_balance,monitor,medium
L100035,0.38979603511135674,1,current_balance,monitor,medium
L100035,0.39905490586683917,0,current_balance,monitor,medium
L100035,0.4414829025445446,0,current_balance,monitor,medium
L100035,0.45970362865432973,0,current_balance,monitor,medium
L100035,0.48186614191776256,0,current_balance,monitor,medium
L100035,0.4707187415902733,0,current_balance,monitor,medium
L100035,0.3612586886151826,1,current_balance,monitor,medium
L100039,0.5432863197617167,0,current_balance,review,medium
L100039,0.547383301065448,0,current_balance,review,medium
L100039,0.5792963595752421,0,current_balance,review,medium
L100039,0.4982875486857142,0,current_balance,monitor,medium
L100039,0.5629198626921332,0,current_balance,review,medium
L100039,0.520664640539421,0,current_balance,review,medium
L100039,0.5186217794939517,0,current_balance,review,medium
L100039,0.46154915301932853,0,current_balance,monitor,medium
L100039,0.49071548274800464,0,current_balance,monitor,medium
L100039,0.5054463039222843,0,current_balance,review,medium
L100039,0.4994620178509813,0,current_balance,monitor,medium
L100039,0.41452636885044086,0,current_balance,monitor,medium
L100044,0.31077903673119706,0,current_balance,monitor,medium
L100044,0.296468848675062,0,current_balance,monitor,low
L100044,0.2995580631330894,0,current_balance,monitor,low
L100044,0.30542737482791804,0,current_balance,monitor,medium
L100044,0.3631720122417192,0,current_balance,monitor,medium
L100044,0.3501833130066154,0,current_balance,monitor,medium
L100044,0.28781882607108555,0,current_balance,monitor,low
L100044,0.2723864503461626,0,current_balance,monitor,low
L100044,0.27278663313860874,0,current_balance,monitor,low
L100044,0.36115459864232896,0,current_balance,monitor,medium
L100044,0.2648038284871146,0,current_balance,monitor,low
L100044,0.2500241398202474,0,current_balance,monitor,low
L100045,0.36416064683658433,0,current_balance,monitor,medium
L100045,0.42965039919234194,0,current_balance,monitor,medium
L100045,0.36762132056433827,0,current_balance,monitor,medium
L100045,0.3714286601657266,0,current_balance,monitor,medium
L100045,0.36698296614177445,0,current_balance,monitor,medium
L100045,0.4235706164514567,0,current_balance,monitor,medium
L100045,0.42166529977065886,0,current_balance,monitor,medium
L100045,0.3845938074309079,0,current_balance,monitor,medium
L100045,0.3626188078819705,0,current_balance,monitor,medium
L100045,0.3965921844479455,0,current_balance,monitor,medium
L100045,0.4215436106785208,0,current_balance,monitor,medium
L100045,0.2839897710442046,1,current_balance,monitor,low
L100047,0.30573500895681655,0,current_balance,monitor,medium
L100047,0.31892755771251863,0,current_balance,monitor,medium
L100047,0.34732163156631235,0,current_balance,monitor,medium
L100047,0.3014579824060183,0,current_balance,monitor,medium
L100047,0.377689153452576,0,current_balance,monitor,medium
L100047,0.34162958100870716,0,current_balance,monitor,medium
L100047,0.3616562748124664,0,current_balance,monitor,medium
L100047,0.36394354505707455,0,current_balance,monitor,medium
L100047,0.3893928208026711,0,current_balance,monitor,medium
L100047,0.3812796895968395,0,current_balance,monitor,medium
L100047,0.38622277344228784,0,current_balance,monitor,medium
L100047,0.32761716819613057,0,current_balance,monitor,medium
L100049,0.49811265725127996,0,current_balance,monitor,medium
L100049,0.515168515926916,0,current_balance,review,medium
L100049,0.5250111000737561,0,current_balance,review,medium
L100049,0.5230425332874222,0,current_balance,review,medium
L100049,0.48392966224162476,0,current_balance,monitor,medium
L100049,0.4658496812756546,0,current_balance,monitor,medium
L100049,0.4841987601305045,0,current_balance,monitor,medium
L100049,0.46247332340778086,0,current_balance,monitor,medium
L100049,0.10535798483609843,0,current_balance,monitor,low
L100069,0.3919508839021937,0,current_balance,monitor,medium
L100069,0.3828291966721501,0,current_balance,monitor,medium
L100069,0.41016018606377586,0,current_balance,monitor,medium
L100069,0.3858223278067902,0,current_balance,monitor,medium
L100069,0.3818454117371299,0,current_balance,monitor,medium
L100069,0.3615935333358437,0,current_balance,monitor,medium
L100069,0.3832699308079795,0,current_balance,monitor,medium
L100069,0.41125414527757104,0,current_balance,monitor,medium
L100069,0.38441510793997224,0,current_balance,monitor,medium
L100069,0.3922882038332736,0,current_balance,monitor,medium
L100069,0.3883787565688474,0,current_balance,monitor,medium
L100069,0.3711730615568233,0,current_balance,monitor,medium
L100073,0.5280645625233091,0,current_balance,review,medium
L100073,0.5992784283093793,0,current_balance,review,medium
L100073,0.6090657808711534,0,current_balance,review,medium
L100073,0.5974776997665218,0,current_balance,review,medium
L100073,0.5448276049139058,0,current_balance,review,medium
L100073,0.5295058306224051,0,current_balance,review,medium
L100073,0.5185743906866721,0,current_balance,review,medium
L100073,0.4993312400567252,0,current_balance,monitor,medium
L100073,0.4916410410631096,0,current_balance,monitor,medium
L100073,0.4716639246275525,0,current_balance,monitor,medium
L100073,0.47145986078921065,0,current_balance,monitor,medium
L100073,0.45693881340937736,0,current_balance,monitor,medium
L100078,0.32764093286765006,0,current_balance,monitor,medium
L100078,0.3428258068518579,0,current_balance,monitor,medium
L100078,0.3330565408302297,0,current_balance,monitor,medium
L100078,0.3011063209634504,0,current_balance,monitor,medium
L100078,0.28596593688469146,0,current_balance,monitor,low
L100078,0.26829166822134626,0,current_balance,monitor,low
L100078,0.2951736351822209,0,current_balance,monitor,low
L100078,0.29080802690011676,0,current_balance,monitor,low
L100078,0.3259667007212021,0,current_balance,monitor,medium
L100078,0.2708448322963482,0,current_balance,monitor,low
L100078,0.2849707455394548,0,current_balance,monitor,low
L100078,0.23598365089397474,0,current_balance,monitor,low
L100085,0.4213561893590744,0,current_balance,monitor,medium
L100085,0.44643459960852744,0,current_balance,monitor,medium
L100085,0.5124205569795888,0,current_balance,review,medium
L100085,0.4288139010356933,0,current_balance,monitor,medium
L100085,0.4292282536563352,0,current_balance,monitor,medium
L100085,0.4145935462131818,0,current_balance,monitor,medium
L100085,0.4929112957909634,0,current_balance,monitor,medium
L100085,0.405444960010981,0,current_balance,monitor,medium
L100085,0.49719482223883493,0,current_balance,monitor,medium
L100085,0.3555742793046808,1,current_balance,monitor,medium
L100091,0.3347941035259791,0,current_balance,monitor,medium
L100091,0.2897252787716657,0,current_balance,monitor,low
L100091,0.3038050694760748,0,current_balance,monitor,medium
L100091,0.3258996079230826,0,current_balance,monitor,medium
L100091,0.3402841825500771,0,current_balance,monitor,medium
L100091,0.29760096388662666,0,current_balance,monitor,low
L100091,0.3160615774866668,0,current_balance,monitor,medium
L100091,0.4081012249786167,0,current_balance,monitor,medium
L100091,0.455475469328734,0,current_balance,monitor,medium
L100091,0.42011373284078246,0,current_balance,monitor,medium
L100091,0.44645275596158823,0,current_balance,monitor,medium
L100091,0.38951708745637825,0,current_balance,monitor,medium
L100092,0.45761957941144155,0,current_balance,monitor,medium
L100092,0.43934523018336435,0,current_balance,monitor,medium
L100092,0.4426371552666149,0,current_balance,monitor,medium
L100092,0.43631386916367143,0,current_balance,monitor,medium
L100092,0.4288391949979253,0,current_balance,monitor,medium
L100092,0.41976154233966967,0,current_balance,monitor,medium
L100092,0.41095065693419675,0,current_balance,monitor,medium
L100092,0.4499786105358172,0,current_balance,monitor,medium
L100092,0.4130107843943054,0,current_balance,monitor,medium
L100092,0.466027784876337,0,current_balance,monitor,medium
L100092,0.4378799676951422,0,current_balance,monitor,medium
L100092,0.38691891341440227,0,current_balance,monitor,medium
L100100,0.39527091185839347,0,current_balance,monitor,medium
L100100,0.40177797836042506,0,current_balance,monitor,medium
L100100,0.3570752597492468,1,current_balance,monitor,medium
L100100,0.37315846248825124,1,current_balance,monitor,medium
L100100,0.43790961208841095,0,current_balance,monitor,medium
L100100,0.42603863715836254,0,current_balance,monitor,medium
L100100,0.38478147690881825,0,current_balance,monitor,medium
L100100,0.40457903764190356,0,current_balance,monitor,medium
L100100,0.4611766332475795,0,current_balance,monitor,medium
L100100,0.41084659251504435,0,current_balance,monitor,medium
L100100,0.4034195737867303,1,current_balance,monitor,medium
L100100,0.3501866072404812,0,current_balance,monitor,medium
L100102,0.5509914676262183,0,current_balance,review,medium
L100102,0.595631462942459,0,current_balance,review,medium
L100102,0.5465065403423224,0,current_balance,review,medium
L100102,0.5700029628666649,0,current_balance,review,medium
L100102,0.5671737471313082,0,current_balance,review,medium
L100102,0.5580150755735646,0,current_balance,review,medium
L100102,0.5526923859380618,0,current_balance,review,medium
L100102,0.5516639218985877,0,current_balance,review,medium
L100102,0.5771387022696487,0,current_balance,review,medium
L100102,0.5211208288293044,0,current_balance,review,medium
L100102,0.5340102206742248,0,current_balance,review,medium
L100102,0.5382372135498246,0,current_balance,review,medium
L100104,0.4026458099671944,0,current_balance,monitor,medium
L100104,0.40557101914131716,0,current_balance,monitor,medium
L100104,0.42005882186048255,0,current_balance,monitor,medium
L100104,0.3964889011315938,0,current_balance,monitor,medium
L100104,0.407829027628239,0,current_balance,monitor,medium
L100104,0.36998359369089534,0,current_balance,monitor,medium
L100104,0.36491082241836525,0,current_balance,monitor,medium
L100104,0.36322660778881066,0,current_balance,monitor,medium
L100104,0.36354194631812137,0,current_balance,monitor,medium
L100104,0.3365006318082864,0,current_balance,monitor,medium
L100104,0.3718814083972688,0,current_balance,monitor,medium
L100104,0.3299489832977697,0,current_balance,monitor,medium
L100106,0.36330052498727833,1,current_balance,monitor,medium
L100106,0.3455221634905069,1,current_balance,monitor,medium
L100106,0.3316739115556346,1,current_balance,monitor,medium
L100106,0.3293574609237249,1,current_balance,monitor,medium
L100106,0.4800639200917585,0,current_balance,monitor,medium
L100106,0.48057207768367094,0,current_balance,monitor,medium
L100106,0.3538860518890731,1,current_balance,monitor,medium
L100106,0.37736905662898734,1,current_balance,monitor,medium
L100106,0.5161802837923033,0,current_balance,review,medium
L100106,0.3732048988200465,1,current_balance,monitor,medium
L100106,0.49913588722287605,0,current_balance,monitor,medium
L100106,0.2810455371029105,1,current_balance,monitor,low
L100107,0.45091188653619163,0,current_balance,monitor,medium
L100107,0.46692672901952376,0,current_balance,monitor,medium
L100107,0.47599119372941673,0,current_balance,monitor,medium
L100107,0.4751816329321647,0,current_balance,monitor,medium
L100107,0.48084829153454356,0,current_balance,monitor,medium
L100107,0.4948369392282737,0,current_balance,monitor,medium
L100107,0.48675234250868404,0,current_balance,monitor,medium
L100107,0.47109016722264996,0,current_balance,monitor,medium
L100107,0.49059259266535427,0,current_balance,monitor,medium
L100107,0.4496580584297299,0,current_balance,monitor,medium
L100107,0.44867788051553786,0,current_balance,monitor,medium
L100107,0.3910942484285423,0,current_balance,monitor,medium
L100121,0.39318634432369115,0,current_balance,monitor,medium
L100121,0.3258075765029278,0,current_balance,monitor,medium
L100121,0.32963559849750834,0,current_balance,monitor,medium
L100121,0.07463234221159812,0,current_balance,monitor,low
L100126,0.4556183391268136,0,current_balance,monitor,medium
L100126,0.43250073239078035,0,current_balance,monitor,medium
L100126,0.42424088914219754,0,current_balance,monitor,medium
L100126,0.4180559482423758,0,current_balance,monitor,medium
L100126,0.44928382767000924,0,current_balance,monitor,medium
L100126,0.09256298957934384,0,current_balance,monitor,low
L100143,0.5142178923627492,0,current_balance,review,medium
L100143,0.5145013455791133,0,current_balance,review,medium
L100143,0.49768803716702437,0,current_balance,monitor,medium
L100143,0.49010632709585067,0,current_balance,monitor,medium
L100143,0.4824972435684223,0,current_balance,monitor,medium
L100143,0.47483704330783433,0,current_balance,monitor,medium
L100143,0.4840143217534845,0,current_balance,monitor,medium
L100143,0.4707998472373353,0,current_balance,monitor,medium
L100143,0.4779422769557209,0,current_balance,monitor,medium
L100143,0.47422226509547066,0,current_balance,monitor,medium
L100143,0.4580407582997231,0,current_balance,monitor,medium
L100143,0.4205440255635719,0,current_balance,monitor,medium
L100144,0.46687768829558307,0,current_balance,monitor,medium
L100144,0.4092489541750578,0,current_balance,monitor,medium
L100144,0.316527914387272,1,current_balance,monitor,medium
L100144,0.29119825018154943,1,current_balance,monitor,low
L100144,0.29992285403782015,1,current_balance,monitor,low
L100144,0.3807732718333023,0,current_balance,monitor,medium
L100144,0.2958810384727921,1,current_balance,monitor,low
L100144,0.29607261442826593,1,current_balance,monitor,low
L100144,0.3768403195317741,0,current_balance,monitor,medium
L100144,0.39779646501229365,1,current_balance,monitor,medium
L100144,0.46787313080411314,0,current_balance,monitor,medium
L100144,0.33283023609698004,1,current_balance,monitor,medium
L100156,0.38782009809128637,0,current_balance,monitor,medium
L100156,0.3688007913513925,0,current_balance,monitor,medium
L100156,0.38543235026296413,0,current_balance,monitor,medium
L100156,0.3793460091851781,0,current_balance,monitor,medium
L100156,0.3785733577698434,0,current_balance,monitor,medium
L100156,0.3375346806888971,0,current_balance,monitor,medium
L100156,0.3345358024363656,0,current_balance,monitor,medium
L100156,0.33395457348398033,0,current_balance,monitor,medium
L100156,0.36734132090742966,0,current_balance,monitor,medium
L100156,0.34606719863434987,0,current_balance,monitor,medium
L100156,0.3687252462554806,0,current_balance,monitor,medium
L100156,0.3484362671238997,0,current_balance,monitor,medium
L100161,0.5042107109312017,0,current_balance,review,medium
L100161,0.4959066773050111,0,current_balance,monitor,medium
L100161,0.49347919814093644,0,current_balance,monitor,medium
L100161,0.5003103361203124,0,current_balance,review,medium
L100161,0.5089761932392795,0,current_balance,review,medium
L100161,0.5110739968915756,0,current_balance,review,medium
L100161,0.48035544132580893,0,current_balance,monitor,medium
L100161,0.48094671444559367,0,current_balance,monitor,medium
L100161,0.47802103783656286,0,current_balance,monitor,medium
L100161,0.4628797041814694,0,current_balance,monitor,medium
L100161,0.44416750560252205,0,current_balance,monitor,medium
L100161,0.39603249485882785,0,current_balance,monitor,medium
L100169,0.4188043826300046,0,current_balance,monitor,medium
L100169,0.4209931736776008,0,current_balance,monitor,medium
L100169,0.43374036268765864,0,current_balance,monitor,medium
L100169,0.44199172884273635,0,current_balance,monitor,medium
L100169,0.4169752832436957,0,current_balance,monitor,medium
L100169,0.45905129808664746,0,current_balance,monitor,medium
L100169,0.457935808668965,0,current_balance,monitor,medium
L100169,0.44400455820918233,0,current_balance,monitor,medium
L100169,0.442669722367955,0,current_balance,monitor,medium
L100169,0.42417051341313133,0,current_balance,monitor,medium
L100169,0.41954881241160613,0,current_balance,monitor,medium
L100169,0.3559825805617542,0,current_balance,monitor,medium
L100175,0.38635505552513844,0,current_balance,monitor,medium
L100175,0.39026047357260873,0,current_balance,monitor,medium
L100175,0.36178840654786887,0,current_balance,monitor,medium
L100175,0.3695527020800951,0,current_balance,monitor,medium
L100175,0.3730993927060453,0,current_balance,monitor,medium
L100175,0.37688815685379323,0,current_balance,monitor,medium
L100175,0.37774634872769974,0,current_balance,monitor,medium
L100175,0.3566118637616604,0,current_balance,monitor,medium
L100175,0.39259840950524955,0,current_balance,monitor,medium
L100175,0.3775511122415945,0,current_balance,monitor,medium
L100175,0.37525590943600184,0,current_balance,monitor,medium
L100175,0.32762662975296225,0,current_balance,monitor,medium
L100176,0.4651770265271754,0,current_balance,monitor,medium
L100176,0.47130274190308463,0,current_balance,monitor,medium
L100176,0.4720786541995525,0,current_balance,monitor,medium
L100176,0.4752115735473024,0,current_balance,monitor,medium
L100176,0.47540286578189883,0,current_balance,monitor,medium
L100176,0.469238664693654,0,current_balance,monitor,medium
L100176,0.4814394323702757,0,current_balance,monitor,medium
L100176,0.10862565953736468,0,current_balance,monitor,low
L100181,0.3370816508004962,0,current_balance,monitor,medium
L100181,0.37708042473709447,0,current_balance,monitor,medium
L100181,0.3599225145722809,0,current_balance,monitor,medium
L100181,0.33420151050219565,0,current_balance,monitor,medium
L100181,0.3319766304970464,0,current_balance,monitor,medium
L100181,0.3199374000157391,0,current_balance,monitor,medium
L100181,0.3095703216624892,0,current_balance,monitor,medium
L100181,0.3189543989821419,0,current_balance,monitor,medium
L100181,0.3469856566999836,0,current_balance,monitor,medium
L100181,0.2830738070405967,0,current_balance,monitor,low
L100181,0.2837836099756991,0,current_balance,monitor,low
L100181,0.23252534183831938,0,current_balance,monitor,low
L100182,0.5132885999349203,0,current_balance,review,medium
L100182,0.5373308402196821,0,current_balance,review,medium
L100182,0.5543325566116937,0,current_balance,review,medium
L100182,0.551519088907088,0,current_balance,review,medium
L100182,0.5366252325286941,0,current_balance,review,medium
L100182,0.530117325489232,0,current_balance,review,medium
L100182,0.5203438202219847,0,current_balance,review,medium
L100182,0.5102091644960436,0,current_balance,review,medium
L100182,0.4643392943788935,0,current_balance,monitor,medium
L100182,0.4809922038551887,0,current_balance,monitor,medium
L100182,0.4904823187136164,0,current_balance,monitor,medium
L100182,0.4350146760072121,0,current_balance,monitor,medium
L100183,0.5611351591555478,0,current_balance,review,medium
L100183,0.4650562746574136,0,current_balance,monitor,medium
L100183,0.4687047411243453,0,current_balance,monitor,medium
L100183,0.4751697088149711,0,current_balance,monitor,medium
L100183,0.44388982741216226,1,current_balance,monitor,medium
L100184,0.3407885119583205,0,current_balance,monitor,medium
L100184,0.30820877711152234,0,current_balance,monitor,medium
L100184,0.3674171090392207,0,current_balance,monitor,medium
L100184,0.3620641869782446,0,current_balance,monitor,medium
L100184,0.3370228800548152,0,current_balance,monitor,medium
L100184,0.33365423210789047,0,current_balance,monitor,medium
L100184,0.34425164028318656,0,current_balance,monitor,medium
L100184,0.3442758537735269,0,current_balance,monitor,medium
L100184,0.38043888729548697,0,current_balance,monitor,medium
L100184,0.3668968472521119,0,current_balance,monitor,medium
L100184,0.3668001886788661,0,current_balance,monitor,medium
L100184,0.3511020805200322,0,current_balance,monitor,medium
L100190,0.5395270511133905,0,current_balance,review,medium
L100190,0.5601570649309775,0,current_balance,review,medium
L100190,0.5666034136014715,0,current_balance,review,medium
L100190,0.5625617089523484,0,current_balance,review,medium
L100190,0.5440329637892029,0,current_balance,review,medium
L100190,0.5639046142081315,0,current_balance,review,medium
L100190,0.5748776176380668,0,current_balance,review,medium
L100190,0.5745878659418747,0,current_balance,review,medium
L100190,0.5804723196185736,0,current_balance,review,medium
L100190,0.5598466366185784,0,current_balance,review,medium
L100190,0.49082479985204663,1,current_balance,monitor,medium
L100197,0.525489776011351,0,current_balance,review,medium
L100197,0.48632782544435216,0,current_balance,monitor,medium
L100197,0.5114510576229627,0,current_balance,review,medium
L100197,0.5048873947607754,0,current_balance,review,medium
L100197,0.49228126390892896,0,current_balance,monitor,medium
L100197,0.4932077844136324,0,current_balance,monitor,medium
L100197,0.48602525350750175,0,current_balance,monitor,medium
L100197,0.48330416486263933,0,current_balance,monitor,medium
L100197,0.11942259055017282,0,current_balance,monitor,low
L100201,0.2908111612026865,0,current_balance,monitor,low
L100201,0.30452700647713343,0,current_balance,monitor,medium
L100201,0.3519225552414851,0,current_balance,monitor,medium
L100201,0.3047972946329705,1,current_balance,monitor,medium
L100201,0.2642822566314257,0,current_balance,monitor,low
L100201,0.2792958866570365,0,current_balance,monitor,low
L100201,0.3104898798963903,0,current_balance,monitor,medium
L100201,0.37858868689632436,0,current_balance,monitor,medium
L100201,0.4152732699559227,0,current_balance,monitor,medium
L100201,0.39908473826398905,0,current_balance,monitor,medium
L100201,0.3210922252409433,0,current_balance,monitor,medium
L100201,0.28554370261275347,0,current_balance,monitor,low
L100203,0.4937099840506173,0,current_balance,monitor,medium
L100203,0.5068415177352763,0,current_balance,review,medium
L100203,0.5077263141128039,0,current_balance,review,medium
L100203,0.5028213623356785,0,current_balance,review,medium
L100203,0.520096611962065,0,current_balance,review,medium
L100203,0.5217511147284324,0,current_balance,review,medium
L100203,0.5166081599129826,0,current_balance,review,medium
L100203,0.5435582767573098,0,current_balance,review,medium
L100203,0.5273987566351549,0,current_balance,review,medium
L100203,0.5585392967360476,0,current_balance,review,medium
L100203,0.5302213262747283,0,current_balance,review,medium
L100203,0.4481403261515808,0,current_balance,monitor,medium
L100208,0.47121254088454456,0,current_balance,monitor,medium
L100208,0.43098680209863766,0,current_balance,monitor,medium
L100208,0.43353585418194546,0,current_balance,monitor,medium
L100208,0.4354237686614229,0,current_balance,monitor,medium
L100208,0.4400188810253862,0,current_balance,monitor,medium
L100208,0.43450680561971694,0,current_balance,monitor,medium
L100208,0.43918278125768995,0,current_balance,monitor,medium
L100208,0.42725482463558023,0,current_balance,monitor,medium
L100208,0.43907286563920594,0,current_balance,monitor,medium
L100208,0.4221752759939057,0,current_balance,monitor,medium
L100208,0.4159999621824692,0,current_balance,monitor,medium
L100208,0.39113040181812236,0,current_balance,monitor,medium
L100211,0.39930584775602923,0,current_balance,monitor,medium
L100211,0.37557850866388187,0,current_balance,monitor,medium
L100211,0.4096242989600334,0,current_balance,monitor,medium
L100211,0.4089509129865704,0,current_balance,monitor,medium
L100211,0.3890149191804506,0,current_balance,monitor,medium
L100211,0.3942338105826108,0,current_balance,monitor,medium
L100211,0.3953824779397523,0,current_balance,monitor,medium
L100211,0.40723387288635915,0,current_balance,monitor,medium
L100211,0.41360209751265087,0,current_balance,monitor,medium
L100211,0.38902009392942594,0,current_balance,monitor,medium
L100211,0.39087698194528037,0,current_balance,monitor,medium
L100211,0.30938275049430247,0,current_balance,monitor,medium
L100212,0.3787128297140589,0,current_balance,monitor,medium
L100212,0.36944716064548117,0,current_balance,monitor,medium
L100212,0.3508726668820043,0,current_balance,monitor,medium
L100212,0.3516915855929417,0,current_balance,monitor,medium
L100212,0.3371819381189182,0,current_balance,monitor,medium
L100212,0.33000802489213293,0,current_balance,monitor,medium
L100212,0.3105739497349384,0,current_balance,monitor,medium
L100212,0.3164250571455865,0,current_balance,monitor,medium
L100212,0.25133610892902103,0,current_balance,monitor,low
L100212,0.2644846853247188,0,current_balance,monitor,low
L100212,0.27058252276222805,0,current_balance,monitor,low
L100212,0.2441302577082658,0,current_balance,monitor,low
L100225,0.3864306809759044,0,current_balance,monitor,medium
L100225,0.3848549875450701,0,current_balance,monitor,medium
L100225,0.3700451250223397,0,current_balance,monitor,medium
L100225,0.36415254414647186,0,current_balance,monitor,medium
L100225,0.3107406083525227,0,current_balance,monitor,medium
L100225,0.3166685639631337,0,current_balance,monitor,medium
L100225,0.3548477611524669,0,current_balance,monitor,medium
L100225,0.3135251637943741,0,current_balance,monitor,medium
L100225,0.36972540980446966,0,current_balance,monitor,medium
L100225,0.39918942191736384,0,current_balance,monitor,medium
L100225,0.35864224931732336,0,current_balance,monitor,medium
L100225,0.3420769300501134,0,current_balance,monitor,medium
L100230,0.5211948030851153,0,current_balance,review,medium
L100230,0.5244618745438496,0,current_balance,review,medium
L100230,0.5247892606691044,0,current_balance,review,medium
L100230,0.5223230830485794,0,current_balance,review,medium
L100230,0.5331829541201034,0,current_balance,review,medium
L100230,0.5278978705675808,0,current_balance,review,medium
L100230,0.5132906248058267,0,current_balance,review,medium
L100230,0.5427050279791529,0,current_balance,review,medium
L100230,0.537992399803009,0,current_balance,review,medium
L100230,0.5326030129744089,0,current_balance,review,medium
L100230,0.5343554894299144,0,current_balance,review,medium
L100230,0.422127008554901,0,current_balance,monitor,medium
L100233,0.45249957314200445,0,current_balance,monitor,medium
L100233,0.46527324270662873,0,current_balance,monitor,medium
L100233,0.464381087910256,0,current_balance,monitor,medium
L100233,0.5394479391764294,0,current_balance,review,medium
L100233,0.4797668783489374,0,current_balance,monitor,medium
L100233,0.44135771212413494,0,current_balance,monitor,medium
L100233,0.44426472993546845,0,current_balance,monitor,medium
L100233,0.4584049383005867,0,current_balance,monitor,medium
L100233,0.5336181083824014,0,current_balance,review,medium
L100233,0.5255658668110237,0,current_balance,review,medium
L100233,0.4361821726022386,0,current_balance,monitor,medium
L100233,0.44057021489374726,0,current_balance,monitor,medium
L100238,0.41734092309798454,0,current_balance,monitor,medium
L100238,0.5189584653379401,0,current_balance,review,medium
L100238,0.4951645345427403,0,current_balance,monitor,medium
L100238,0.39925570629229684,0,current_balance,monitor,medium
L100238,0.4034227823437863,0,current_balance,monitor,medium
L100238,0.4990667094392917,0,current_balance,monitor,medium
L100238,0.3921245938177498,0,current_balance,monitor,medium
L100238,0.4218285568784081,0,current_balance,monitor,medium
L100238,0.5029925676278104,0,current_balance,review,medium
L100238,0.42717894635445186,0,current_balance,monitor,medium
L100238,0.39391380372246304,0,current_balance,monitor,medium
L100238,0.44978477069152406,0,current_balance,monitor,medium
L100247,0.5469420290706443,0,current_balance,review,medium
L100247,0.5432266558624703,0,current_balance,review,medium
L100247,0.5523883906466746,0,current_balance,review,medium
L100247,0.5374543831689443,0,current_balance,review,medium
L100247,0.5479900615384853,0,current_balance,review,medium
L100247,0.5351725729708012,0,current_balance,review,medium
L100247,0.5225792436972344,0,current_balance,review,medium
L100247,0.5078588519544248,0,current_balance,review,medium
L100247,0.5308957231673596,0,current_balance,review,medium
L100247,0.5263221666872319,0,current_balance,review,medium
L100247,0.5222179440853705,0,current_balance,review,medium
L100247,0.46939850163290003,0,current_balance,monitor,medium
L100250,0.47300622623337185,0,current_balance,monitor,medium
L100250,0.4613216272143675,0,current_balance,monitor,medium
L100250,0.4396696993821031,0,current_balance,monitor,medium
L100250,0.45302176106436415,0,current_balance,monitor,medium
L100250,0.45478196068283744,0,current_balance,monitor,medium
L100250,0.453001893127684,0,current_balance,monitor,medium
L100250,0.45905927214256637,0,current_balance,monitor,medium
L100250,0.4654873750639733,0,current_balance,monitor,medium
L100250,0.45485149379989953,0,current_balance,monitor,medium
L100250,0.45041565476165607,0,current_balance,monitor,medium
L100250,0.44213487628744724,0,current_balance,monitor,medium
L100250,0.3879459000823776,0,current_balance,monitor,medium
L100255,0.4568142690980394,0,current_balance,monitor,medium
L100255,0.4622014865812292,0,current_balance,monitor,medium
L100255,0.38733461568262484,0,current_balance,monitor,medium
L100255,0.3519664538649061,0,current_balance,monitor,medium
L100255,0.37357473238640737,1,current_balance,monitor,medium
L100257,0.39844008780398704,0,current_balance,monitor,medium
L100257,0.3626309752875009,0,current_balance,monitor,medium
L100257,0.3697845219419069,0,current_balance,monitor,medium
L100257,0.36828954628192107,0,current_balance,monitor,medium
L100257,0.3485890529917966,0,current_balance,monitor,medium
L100257,0.3111450130326566,0,current_balance,monitor,medium
L100257,0.36627278183867495,0,current_balance,monitor,medium
L100257,0.11020998941789437,0,current_balance,monitor,low
L100260,0.3460363383316086,0,current_balance,monitor,medium
L100260,0.3774231458503646,0,current_balance,monitor,medium
L100260,0.3670324159586295,0,current_balance,monitor,medium
L100260,0.414731462609999,0,current_balance,monitor,medium
L100260,0.42039229114426346,0,current_balance,monitor,medium
L100260,0.3643456153972575,0,current_balance,monitor,medium
L100260,0.3407203477422459,0,current_balance,monitor,medium
L100265,0.43019042812265595,0,current_balance,monitor,medium
L100265,0.4328769332288317,0,current_balance,monitor,medium
L100265,0.4507181793971752,0,current_balance,monitor,medium
L100265,0.4437918268358561,0,current_balance,monitor,medium
L100265,0.4595870434859988,0,current_balance,monitor,medium
L100265,0.45614602499247875,0,current_balance,monitor,medium
L100265,0.44720886300385293,0,current_balance,monitor,medium
L100265,0.44880757608752264,0,current_balance,monitor,medium
L100265,0.46125937793214455,0,current_balance,monitor,medium
L100265,0.44742449430736414,0,current_balance,monitor,medium
L100265,0.08652457345833366,0,current_balance,monitor,low
L100267,0.3946023312972048,0,current_balance,monitor,medium
L100267,0.38180759009334836,0,current_balance,monitor,medium
L100267,0.3816073121047873,0,current_balance,monitor,medium
L100267,0.3796552382979236,0,current_balance,monitor,medium
L100267,0.3844243222342595,0,current_balance,monitor,medium
L100267,0.33936853420112706,0,current_balance,monitor,medium
L100267,0.3711901927798619,0,current_balance,monitor,medium
L100267,0.333739828774226,0,current_balance,monitor,medium
L100267,0.35368221444238834,0,current_balance,monitor,medium
L100267,0.33400196470070365,0,current_balance,monitor,medium
L100267,0.3701044705886438,0,current_balance,monitor,medium
L100267,0.2610012794904224,1,current_balance,monitor,low
L100269,0.5201802550244251,0,current_balance,review,medium
L100269,0.4896940279670426,0,current_balance,monitor,medium
L100269,0.4651803609766135,0,current_balance,monitor,medium
L100269,0.5022875468064343,0,current_balance,review,medium
L100269,0.48362985442707573,0,current_balance,monitor,medium
L100269,0.50542225276314,0,current_balance,review,medium
L100269,0.46743231597713797,0,current_balance,monitor,medium
L100269,0.45543038945158576,0,current_balance,monitor,medium
L100269,0.49834774740594207,0,current_balance,monitor,medium
L100269,0.5021936143458153,0,current_balance,review,medium
L100269,0.5056272363247057,0,current_balance,review,medium
L100269,0.46427121477148886,0,current_balance,monitor,medium
L100274,0.3574460454121523,0,current_balance,monitor,medium
L100274,0.3866925032933799,0,current_balance,monitor,medium
L100274,0.39894803919119803,0,current_balance,monitor,medium
L100274,0.408600268799946,0,current_balance,monitor,medium
L100274,0.4309058639519761,0,current_balance,monitor,medium
L100274,0.4367475915627423,0,current_balance,monitor,medium
L100274,0.4358693681091013,0,current_balance,monitor,medium
L100274,0.43288827324982493,0,current_balance,monitor,medium
L100274,0.4745508684197633,0,current_balance,monitor,medium
L100274,0.42567101179032213,0,current_balance,monitor,medium
L100274,0.41927457116839056,0,current_balance,monitor,medium
L100274,0.4414920538571605,0,current_balance,monitor,medium
L100276,0.48723679970195255,0,current_balance,monitor,medium
L100276,0.48257581083952283,0,current_balance,monitor,medium
L100276,0.48589984602239666,0,current_balance,monitor,medium
L100276,0.48249182709055644,0,current_balance,monitor,medium
L100276,0.4814933369326128,0,current_balance,monitor,medium
L100276,0.47581736444576705,0,current_balance,monitor,medium
L100276,0.47134682077619144,0,current_balance,monitor,medium
L100276,0.47395121004017393,0,current_balance,monitor,medium
L100276,0.4729827690905677,0,current_balance,monitor,medium
L100276,0.4575010015047117,0,current_balance,monitor,medium
L100276,0.4383632601572961,0,current_balance,monitor,medium
L100276,0.38703292934193656,0,current_balance,monitor,medium
L100279,0.33580763562953114,0,current_balance,monitor,medium
L100279,0.38239391415332946,0,current_balance,monitor,medium
L100279,0.3925426746144766,0,current_balance,monitor,medium
L100279,0.4348785339719699,0,current_balance,monitor,medium
L100279,0.44643647679506493,0,current_balance,monitor,medium
L100279,0.38805645870127525,0,current_balance,monitor,medium
L100279,0.4123828095471125,0,current_balance,monitor,medium
L100279,0.45989811549436255,0,current_balance,monitor,medium
L100279,0.513155481418951,0,current_balance,review,medium
L100279,0.5153887254675847,0,current_balance,review,medium
L100279,0.5121683554698098,0,current_balance,review,medium
L100279,0.5192950443006673,0,current_balance,review,medium
L100282,0.3574929318887935,0,current_balance,monitor,medium
L100282,0.37851388848612566,0,current_balance,monitor,medium
L100282,0.3526041765880334,0,current_balance,monitor,medium
L100282,0.3525029394158565,0,current_balance,monitor,medium
L100282,0.36103669565149893,0,current_balance,monitor,medium
L100282,0.30220525467460185,1,current_balance,monitor,medium
L100282,0.3439080988023469,0,current_balance,monitor,medium
L100288,0.5285950621497443,0,current_balance,review,medium
L100288,0.5401649407793269,0,current_balance,review,medium
L100288,0.5403670794533478,0,current_balance,review,medium
L100288,0.5180489561456484,0,current_balance,review,medium
L100288,0.5339050477966114,0,current_balance,review,medium
L100288,0.5330014629210708,0,current_balance,review,medium
L100288,0.5153436233175962,0,current_balance,review,medium
L100288,0.5134646548253432,0,current_balance,review,medium
L100288,0.5148132120478942,0,current_balance,review,medium
L100288,0.4841477736485279,0,current_balance,monitor,medium
L100288,0.5024447294084808,0,current_balance,review,medium
L100288,0.42424856741372285,0,current_balance,monitor,medium
L100290,0.45499009844714355,0,current_balance,monitor,medium
L100290,0.5229232007616518,0,current_balance,review,medium
L100290,0.5169470432780839,0,current_balance,review,medium
L100290,0.5106726607573802,0,current_balance,review,medium
L100290,0.5169129770664731,0,current_balance,review,medium
L100290,0.5231028884783999,0,current_balance,review,medium
L100290,0.5238602253038391,0,current_balance,review,medium
L100290,0.5106020220709973,0,current_balance,review,medium
L100290,0.5294477069236184,0,current_balance,review,medium
L100290,0.5127236516105783,0,current_balance,review,medium
L100290,0.5095264913824121,0,current_balance,review,medium
L100290,0.45590740028733884,0,current_balance,monitor,medium
L100295,0.4355563986373145,0,current_balance,monitor,medium
L100295,0.4200615924077622,0,current_balance,monitor,medium
L100295,0.4406491420062264,0,current_balance,monitor,medium
L100295,0.4078165196714931,0,current_balance,monitor,medium
L100295,0.4121759058756876,0,current_balance,monitor,medium
L100295,0.40101976585083776,0,current_balance,monitor,medium
L100295,0.406165786827692,0,current_balance,monitor,medium
L100295,0.4090499649457599,0,current_balance,monitor,medium
L100295,0.40730650647918515,0,current_balance,monitor,medium
L100295,0.4423673095463939,0,current_balance,monitor,medium
L100295,0.3735315943366718,0,current_balance,monitor,medium
L100295,0.2950947138764058,0,current_balance,monitor,low
L100303,0.5552527849933513,0,current_balance,review,medium
L100303,0.4391147448490051,0,current_balance,monitor,medium
L100303,0.4256062464952162,0,current_balance,monitor,medium
L100303,0.5400945726314067,0,current_balance,review,medium
L100303,0.4373280764169642,0,current_balance,monitor,medium
L100303,0.44281711316848615,0,current_balance,monitor,medium
L100303,0.41233628304853265,0,current_balance,monitor,medium
L100303,0.4214266375595445,0,current_balance,monitor,medium
L100303,0.42404381907942595,0,current_balance,monitor,medium
L100303,0.5636925733963813,0,current_balance,review,medium
L100303,0.43646676271470625,0,current_balance,monitor,medium
L100303,0.4602723719567902,0,current_balance,monitor,medium
L100309,0.4917965739032519,0,current_balance,monitor,medium
L100309,0.5008886621094115,0,current_balance,review,medium
L100309,0.4867182396471813,0,current_balance,monitor,medium
L100309,0.4709979755638591,0,current_balance,monitor,medium
L100309,0.4730564770608448,0,current_balance,monitor,medium
L100309,0.47201423828546174,0,current_balance,monitor,medium
L100309,0.5011125752179482,0,current_balance,review,medium
L100309,0.48731148731583773,0,current_balance,monitor,medium
L100309,0.4717424981622839,0,current_balance,monitor,medium
L100309,0.47101890319814854,0,current_balance,monitor,medium
L100309,0.4779318883155224,0,current_balance,monitor,medium
L100309,0.412055009639597,0,current_balance,monitor,medium
L100312,0.3516146994711864,1,current_balance,monitor,medium
L100312,0.37984372705560676,0,current_balance,monitor,medium
L100312,0.4237469672622683,0,current_balance,monitor,medium
L100312,0.4216433238634052,0,current_balance,monitor,medium
L100312,0.43564621009311616,0,current_balance,monitor,medium
L100312,0.47854309553675667,0,current_balance,monitor,medium
L100312,0.46524319727850594,0,current_balance,monitor,medium
L100312,0.35723675266405913,1,current_balance,monitor,medium
L100312,0.3584415885601597,0,current_balance,monitor,medium
L100312,0.40035849989196337,0,current_balance,monitor,medium
L100312,0.41416674776226736,0,current_balance,monitor,medium
L100312,0.41209725025351107,0,current_balance,monitor,medium
L100331,0.33290288522705147,0,current_balance,monitor,medium
L100331,0.34534828826458025,0,current_balance,monitor,medium
L100331,0.31750358410959617,0,current_balance,monitor,medium
L100331,0.35143827822170565,0,current_balance,monitor,medium
L100331,0.30029725654881906,0,current_balance,monitor,medium
L100331,0.27887336288417364,0,current_balance,monitor,low
L100331,0.34984326054171305,0,current_balance,monitor,medium
L100331,0.2663301440962359,0,current_balance,monitor,low
L100331,0.2773924986563712,0,current_balance,monitor,low
L100331,0.23749189047805191,0,current_balance,monitor,low
L100331,0.23890520435258153,0,current_balance,monitor,low
L100331,0.20532209189367936,0,current_balance,monitor,low
L100342,0.4537880558576618,0,current_balance,monitor,medium
L100342,0.452288044848477,0,current_balance,monitor,medium
L100342,0.4526020815855743,0,current_balance,monitor,medium
L100342,0.4533931022129377,0,current_balance,monitor,medium
L100342,0.5044502275913186,0,current_balance,review,medium
L100342,0.45973418227721696,0,current_balance,monitor,medium
L100342,0.4581474592429106,0,current_balance,monitor,medium
L100342,0.422715836519335,0,current_balance,monitor,medium
L100342,0.4389511160773549,0,current_balance,monitor,medium
L100342,0.4655698374061164,0,current_balance,monitor,medium
L100342,0.44268682182182445,0,current_balance,monitor,medium
L100342,0.39450742647148274,0,current_balance,monitor,medium
L100345,0.3947453530731172,1,current_balance,monitor,medium
L100349,0.4562942772700547,0,current_balance,monitor,medium
L100349,0.48541608174987216,0,current_balance,monitor,medium
L100349,0.47874479685141963,0,current_balance,monitor,medium
L100349,0.4985234966421945,0,current_balance,monitor,medium
L100349,0.48958688074910983,0,current_balance,monitor,medium
L100349,0.4742624570784505,0,current_balance,monitor,medium
L100349,0.49131170927474055,0,current_balance,monitor,medium
L100349,0.46682327036482296,0,current_balance,monitor,medium
L100349,0.4742993142955684,0,current_balance,monitor,medium
L100349,0.4907456369643031,0,current_balance,monitor,medium
L100349,0.4414402978384806,0,current_balance,monitor,medium
L100349,0.40029193976062855,0,current_balance,monitor,medium
L100356,0.48364317843004706,0,current_balance,monitor,medium
L100356,0.4921596836300258,0,current_balance,monitor,medium
L100356,0.49212501821049304,0,current_balance,monitor,medium
L100356,0.487244095742034,0,current_balance,monitor,medium
L100356,0.49177076830040284,0,current_balance,monitor,medium
L100356,0.5011382896301578,0,current_balance,review,medium
L100356,0.4848585963241429,0,current_balance,monitor,medium
L100356,0.4833337878263949,0,current_balance,monitor,medium
L100356,0.47991346773850724,0,current_balance,monitor,medium
L100356,0.45565004588153035,0,current_balance,monitor,medium
L100356,0.43927567453913924,0,current_balance,monitor,medium
L100356,0.3876201889625801,0,current_balance,monitor,medium
L100366,0.5189687221884188,0,current_balance,review,medium
L100366,0.5147691848468837,0,current_balance,review,medium
L100366,0.465596326681884,1,current_balance,monitor,medium
L100366,0.48584596930082313,0,current_balance,monitor,medium
L100373,0.5229997679029833,0,current_balance,review,medium
L100373,0.5218789668205691,0,current_balance,review,medium
L100373,0.5294417098280999,0,current_balance,review,medium
L100373,0.5160172026550911,0,current_balance,review,medium
L100373,0.5293279703179183,0,current_balance,review,medium
L100373,0.5230691459332403,0,current_balance,review,medium
L100373,0.5341065920463265,0,current_balance,review,medium
L100373,0.5357922701495783,0,current_balance,review,medium
L100373,0.527456435838817,0,current_balance,review,medium
L100373,0.5319428407565718,0,current_balance,review,medium
L100373,0.5213126908220459,0,current_balance,review,medium
L100373,0.4734114697356777,0,current_balance,monitor,medium
L100380,0.371594839032797,0,current_balance,monitor,medium
L100380,0.3817985330150498,0,current_balance,monitor,medium
L100380,0.372690597147305,0,current_balance,monitor,medium
L100380,0.3975095017878242,0,current_balance,monitor,medium
L100380,0.4128521055860334,0,current_balance,monitor,medium
L100380,0.2048185384902438,1,current_balance,monitor,low
L100380,0.38472803932768124,0,current_balance,monitor,medium
L100380,0.3626818289610428,0,current_balance,monitor,medium
L100380,0.3650946166681291,0,current_balance,monitor,medium
L100380,0.3664461331272759,0,current_balance,monitor,medium
L100380,0.36211316076073347,0,current_balance,monitor,medium
L100380,0.39184715248203766,0,current_balance,monitor,medium
L100391,0.3991073256312678,0,current_balance,monitor,medium
L100391,0.4384535496635754,0,current_balance,monitor,medium
L100391,0.41864043608909357,0,current_balance,monitor,medium
L100391,0.3905330841057252,0,current_balance,monitor,medium
L100391,0.35863238789742546,0,current_balance,monitor,medium
L100391,0.3847641269533877,0,current_balance,monitor,medium
L100391,0.40705281475023,0,current_balance,monitor,medium
L100391,0.4495565825099903,0,current_balance,monitor,medium
L100391,0.4164116971467213,0,current_balance,monitor,medium
L100391,0.4499668654494809,0,current_balance,monitor,medium
L100391,0.4342186048314202,0,current_balance,monitor,medium
L100391,0.3680698143596621,0,current_balance,monitor,medium
L100393,0.4416787287424715,0,current_balance,monitor,medium
L100393,0.4636189947237375,0,current_balance,monitor,medium
L100393,0.4486589169948225,0,current_balance,monitor,medium
L100393,0.4786274176618116,0,current_balance,monitor,medium
L100393,0.48340041238667,0,current_balance,monitor,medium
L100393,0.46208351710606665,0,current_balance,monitor,medium
L100393,0.4849879599309125,0,current_balance,monitor,medium
L100393,0.4912188901420022,0,current_balance,monitor,medium
L100393,0.4898498518983198,0,current_balance,monitor,medium
L100393,0.49838737588994264,0,current_balance,monitor,medium
L100393,0.478302951862913,0,current_balance,monitor,medium
L100393,0.421371198154078,0,current_balance,monitor,medium
L100398,0.34858383135647797,0,current_balance,monitor,medium
L100398,0.3791038591559066,0,current_balance,monitor,medium
L100398,0.37047815400045614,0,current_balance,monitor,medium
L100398,0.38979222953433373,0,current_balance,monitor,medium
L100398,0.3669128587625257,0,current_balance,monitor,medium
L100398,0.4071809435474716,0,current_balance,monitor,medium
L100398,0.33106267247719573,0,current_balance,monitor,medium
L100398,0.36358073332781543,0,current_balance,monitor,medium
L100398,0.3784305207241108,0,current_balance,monitor,medium
L100398,0.3515341197551806,0,current_balance,monitor,medium
L100398,0.3567014040694038,0,current_balance,monitor,medium
L100398,0.30124287380147313,0,current_balance,monitor,medium
L100400,0.49766544528692036,0,current_balance,monitor,medium
L100400,0.49766061604612316,0,current_balance,monitor,medium
L100400,0.5034590715412713,0,current_balance,review,medium
L100400,0.5044746512261107,0,current_balance,review,medium
L100400,0.49910494737121164,0,current_balance,monitor,medium
L100400,0.49025981628598714,0,current_balance,monitor,medium
L100400,0.4961263985397887,0,current_balance,monitor,medium
L100400,0.4908037265383654,0,current_balance,monitor,medium
L100400,0.5006468471426438,0,current_balance,review,medium
L100400,0.49311097457404857,0,current_balance,monitor,medium
L100400,0.4824882168234573,0,current_balance,monitor,medium
L100400,0.4372703424505865,0,current_balance,monitor,medium
L100402,0.4913039308403646,0,current_balance,monitor,medium
L100402,0.4770182886875894,0,current_balance,monitor,medium
L100402,0.45048518730085824,0,current_balance,monitor,medium
L100402,0.4491364406287982,0,current_balance,monitor,medium
L100402,0.4257389565806799,0,current_balance,monitor,medium
L100402,0.436046149130212,0,current_balance,monitor,medium
L100402,0.43701579553269115,0,current_balance,monitor,medium
L100402,0.43468298902234864,0,current_balance,monitor,medium
L100402,0.40698983122006355,0,current_balance,monitor,medium
L100402,0.43721347527221355,0,current_balance,monitor,medium
L100402,0.43503489505565374,0,current_balance,monitor,medium
L100402,0.364065048773308,0,current_balance,monitor,medium
L100405,0.4483577994792403,0,current_balance,monitor,medium
L100405,0.4635491184482868,0,current_balance,monitor,medium
L100405,0.43744574798923597,1,current_balance,monitor,medium
L100405,0.43524630680842924,1,current_balance,monitor,medium
L100405,0.4394105100972455,0,current_balance,monitor,medium
L100405,0.4222566710840359,1,current_balance,monitor,medium
L100405,0.3946413906881019,1,current_balance,monitor,medium
L100405,0.42837542090552083,1,current_balance,monitor,medium
L100405,0.4376136170598378,0,current_balance,monitor,medium
L100405,0.4272616731127121,0,current_balance,monitor,medium
L100405,0.4156014928637726,0,current_balance,monitor,medium
L100405,0.3964803238566051,0,current_balance,monitor,medium
L100406,0.557416178521222,0,current_balance,review,medium
L100406,0.5484906640348549,0,current_balance,review,medium
L100406,0.5451170292093345,0,current_balance,review,medium
L100406,0.5463502387585595,0,current_balance,review,medium
L100406,0.5430545823376276,0,current_balance,review,medium
L100406,0.5489925955761634,0,current_balance,review,medium
L100406,0.5494190460569901,0,current_balance,review,medium
L100406,0.5286979706108581,0,current_balance,review,medium
L100406,0.5302111066628757,0,current_balance,review,medium
L100406,0.5225820710130966,0,current_balance,review,medium
L100406,0.4471452058974394,1,current_balance,monitor,medium
L100406,0.42862613974293795,1,current_balance,monitor,medium
L100421,0.5102256196828863,0,current_balance,review,medium
L100421,0.5184876675279179,0,current_balance,review,medium
L100421,0.5265685182669573,0,current_balance,review,medium
L100421,0.5227316598125712,0,current_balance,review,medium
L100421,0.5274387090108018,0,current_balance,review,medium
L100421,0.5115504759920099,0,current_balance,review,medium
L100421,0.5188956483496354,0,current_balance,review,medium
L100421,0.5054121560886065,0,current_balance,review,medium
L100421,0.5120540735372368,0,current_balance,review,medium
L100421,0.5174930843839773,0,current_balance,review,medium
L100421,0.4916074008555941,0,current_balance,monitor,medium
L100421,0.41251024680098636,0,current_balance,monitor,medium
L100427,0.5128914160683644,0,current_balance,review,medium
L100427,0.5118350905434186,0,current_balance,review,medium
L100427,0.4939647088342993,0,current_balance,monitor,medium
L100427,0.4883095340949927,0,current_balance,monitor,medium
L100427,0.49342480678139033,0,current_balance,monitor,medium
L100427,0.4933419122244589,0,current_balance,monitor,medium
L100427,0.497063141841604,0,current_balance,monitor,medium
L100427,0.48315630981987345,0,current_balance,monitor,medium
L100427,0.4885087719136462,0,current_balance,monitor,medium
L100427,0.5216992253778101,0,current_balance,review,medium
L100427,0.52021947989964,0,current_balance,review,medium
L100427,0.43807976680979976,0,current_balance,monitor,medium
L100428,0.35388577497567475,0,current_balance,monitor,medium
L100428,0.3583491812923885,0,current_balance,monitor,medium
L100428,0.35837681206101807,0,current_balance,monitor,medium
L100428,0.36380821230326243,0,current_balance,monitor,medium
L100428,0.34961661683653794,0,current_balance,monitor,medium
L100428,0.36947511690871165,0,current_balance,monitor,medium
L100428,0.37045507308057124,0,current_balance,monitor,medium
L100428,0.4024678045818685,0,current_balance,monitor,medium
L100428,0.37936370326946656,0,current_balance,monitor,medium
L100428,0.3773876874062031,0,current_balance,monitor,medium
L100428,0.3839424406357769,0,current_balance,monitor,medium
L100428,0.32583752099585467,0,current_balance,monitor,medium
L100433,0.33689317415796055,0,current_balance,monitor,medium
L100433,0.3086845573182305,0,current_balance,monitor,medium
L100433,0.31998679684732484,0,current_balance,monitor,medium
L100433,0.3596475782152256,0,current_balance,monitor,medium
L100433,0.33164896137276123,0,current_balance,monitor,medium
L100433,0.3190602932752283,0,current_balance,monitor,medium
L100433,0.3031919097089802,0,current_balance,monitor,medium
L100433,0.27962353137776763,0,current_balance,monitor,low
L100433,0.32767813263430773,0,current_balance,monitor,medium
L100433,0.3401684530721842,0,current_balance,monitor,medium
L100433,0.3473773780060526,0,current_balance,monitor,medium
L100433,0.31751163051284975,0,current_balance,monitor,medium
L100434,0.4079795018329332,0,current_balance,monitor,medium
L100434,0.4136453677449681,0,current_balance,monitor,medium
L100434,0.4650691088565355,0,current_balance,monitor,medium
L100434,0.4374465009096826,0,current_balance,monitor,medium
L100434,0.44619376506747654,0,current_balance,monitor,medium
L100434,0.40008323482841623,0,current_balance,monitor,medium
L100434,0.39436498309437296,0,current_balance,monitor,medium
L100434,0.4012053015046324,0,current_balance,monitor,medium
L100434,0.39320058604197394,0,current_balance,monitor,medium
L100434,0.38879129527936185,0,current_balance,monitor,medium
L100434,0.43478397539802655,0,current_balance,monitor,medium
L100434,0.3627440810535914,0,current_balance,monitor,medium
L100436,0.4822880952009209,0,current_balance,monitor,medium
L100436,0.4864901293397572,0,current_balance,monitor,medium
L100436,0.47059058844896495,0,current_balance,monitor,medium
L100436,0.470287977494831,0,current_balance,monitor,medium
L100436,0.473847374968524,0,current_balance,monitor,medium
L100436,0.4679801392581416,0,current_balance,monitor,medium
L100436,0.46087292074291175,0,current_balance,monitor,medium
L100436,0.4681783916620772,0,current_balance,monitor,medium
L100436,0.47022309954237423,0,current_balance,monitor,medium
L100436,0.46238255689745567,0,current_balance,monitor,medium
L100436,0.4467643187660121,0,current_balance,monitor,medium
L100436,0.40008656081066396,0,current_balance,monitor,medium
L100439,0.3062791453020424,0,current_balance,monitor,medium
L100439,0.3009983430831057,0,current_balance,monitor,medium
L100439,0.3287738131730014,0,current_balance,monitor,medium
L100439,0.31967009686588155,0,current_balance,monitor,medium
L100439,0.3244720353032896,0,current_balance,monitor,medium
L100439,0.2895167849969763,0,current_balance,monitor,low
L100439,0.31376996846992905,0,current_balance,monitor,medium
L100439,0.29877138490206445,0,current_balance,monitor,low
L100439,0.26900768468037023,0,current_balance,monitor,low
L100439,0.26129216981323033,0,current_balance,monitor,low
L100439,0.25241194528355165,0,current_balance,monitor,low
L100439,0.21443854100617382,0,current_balance,monitor,low
L100440,0.44705426859525893,0,current_balance,monitor,medium
L100440,0.4499487352631996,0,current_balance,monitor,medium
L100440,0.46141324023231867,0,current_balance,monitor,medium
L100440,0.4572523626504424,0,current_balance,monitor,medium
L100440,0.4630222439019488,0,current_balance,monitor,medium
L100440,0.4593444231208462,0,current_balance,monitor,medium
L100440,0.45428563428125807,0,current_balance,monitor,medium
L100440,0.4589833272208061,0,current_balance,monitor,medium
L100440,0.45692569305893893,0,current_balance,monitor,medium
L100440,0.4399851127655574,0,current_balance,monitor,medium
L100440,0.4258029352992564,0,current_balance,monitor,medium
L100440,0.4057315253627505,0,current_balance,monitor,medium
L100443,0.4591830300586491,0,current_balance,monitor,medium
L100443,0.4989777193140404,0,current_balance,monitor,medium
L100443,0.49455198149253726,0,current_balance,monitor,medium
L100443,0.4565698665584628,0,current_balance,monitor,medium
L100443,0.45380341482377334,0,current_balance,monitor,medium
L100443,0.44275491905003284,0,current_balance,monitor,medium
L100443,0.4607094181470703,0,current_balance,monitor,medium
L100443,0.4248610013587564,0,current_balance,monitor,medium
L100443,0.44760063462769517,0,current_balance,monitor,medium
L100443,0.3872003382820833,0,current_balance,monitor,medium
L100443,0.3937882395671322,0,current_balance,monitor,medium
L100443,0.32996406064385103,0,current_balance,monitor,medium
L100456,0.3775472026296526,0,current_balance,monitor,medium
L100456,0.3736891431574507,0,current_balance,monitor,medium
L100456,0.3636875448412518,0,current_balance,monitor,medium
L100456,0.3365526405471163,0,current_balance,monitor,medium
L100456,0.3533162133428004,0,current_balance,monitor,medium
L100456,0.10672761672883972,0,current_balance,monitor,low
L100460,0.47142790166439336,0,current_balance,monitor,medium
L100460,0.4467617178139094,0,current_balance,monitor,medium
L100460,0.4606474972014903,0,current_balance,monitor,medium
L100460,0.4425449788758245,0,current_balance,monitor,medium
L100460,0.4099928966757744,0,current_balance,monitor,medium
L100460,0.40829036244744726,0,current_balance,monitor,medium
L100460,0.36080437809340205,0,current_balance,monitor,medium
L100460,0.3529316473714072,0,current_balance,monitor,medium
L100460,0.35419479381315916,0,current_balance,monitor,medium
L100460,0.33588254783856114,0,current_balance,monitor,medium
L100460,0.42076376810500754,0,current_balance,monitor,medium
L100460,0.4002558399376641,0,current_balance,monitor,medium
L100461,0.35054397877263804,0,current_balance,monitor,medium
L100461,0.33849604760491575,0,current_balance,monitor,medium
L100461,0.3388576101842626,0,current_balance,monitor,medium
L100461,0.30972471741620844,0,current_balance,monitor,medium
L100461,0.31082341335879066,0,current_balance,monitor,medium
L100461,0.28809746493009547,0,current_balance,monitor,low
L100461,0.26829943393465533,0,current_balance,monitor,low
L100461,0.2775443112646878,0,current_balance,monitor,low
L100461,0.2854953404509278,0,current_balance,monitor,low
L100461,0.29163947939164886,0,current_balance,monitor,low
L100461,0.29142021236588644,0,current_balance,monitor,low
L100461,0.24807752023228058,0,current_balance,monitor,low
L100469,0.420670160913858,0,current_balance,monitor,medium
L100469,0.42976104543054183,0,current_balance,monitor,medium
L100469,0.43778535026666177,0,current_balance,monitor,medium
L100469,0.4358676709430007,0,current_balance,monitor,medium
L100469,0.45643714626014237,0,current_balance,monitor,medium
L100469,0.45250645181961097,0,current_balance,monitor,medium
L100469,0.4557749702937573,0,current_balance,monitor,medium
L100469,0.4563446419045542,0,current_balance,monitor,medium
L100469,0.4472492769268905,0,current_balance,monitor,medium
L100469,0.44671849489021365,0,current_balance,monitor,medium
L100469,0.43928306953240115,0,current_balance,monitor,medium
L100469,0.34429477033918393,0,current_balance,monitor,medium
L100475,0.4893847017395938,0,current_balance,monitor,medium
L100475,0.5227602356529917,0,current_balance,review,medium
L100475,0.5014799405211625,0,current_balance,review,medium
L100475,0.5299052994303459,0,current_balance,review,medium
L100475,0.5137671522740102,0,current_balance,review,medium
L100475,0.5008755171200001,0,current_balance,review,medium
L100475,0.49915077721804674,0,current_balance,monitor,medium
L100475,0.4919689304404088,0,current_balance,monitor,medium
L100475,0.49486252437312744,0,current_balance,monitor,medium
L100475,0.48731965848439474,0,current_balance,monitor,medium
L100475,0.4765836767099736,0,current_balance,monitor,medium
L100475,0.4012014309267491,0,current_balance,monitor,medium
L100476,0.4424723689479748,0,current_balance,monitor,medium
L100476,0.436358908863971,0,current_balance,monitor,medium
L100476,0.4314608150303638,0,current_balance,monitor,medium
L100476,0.44048146884006634,0,current_balance,monitor,medium
L100476,0.4429792041074589,0,current_balance,monitor,medium
L100476,0.41604494813629667,0,current_balance,monitor,medium
L100476,0.4190958233927818,0,current_balance,monitor,medium
L100476,0.4386751458983348,0,current_balance,monitor,medium
L100476,0.4349629640106961,0,current_balance,monitor,medium
L100476,0.4229963015373869,0,current_balance,monitor,medium
L100476,0.42420236093783353,0,current_balance,monitor,medium
L100476,0.39225926662475435,0,current_balance,monitor,medium
L100481,0.5131139954961365,0,current_balance,review,medium
L100481,0.5311748901559634,0,current_balance,review,medium
L100481,0.518843268405789,0,current_balance,review,medium
L100481,0.5254822454032148,0,current_balance,review,medium
L100481,0.5509587982661135,0,current_balance,review,medium
L100481,0.49687181819545306,0,current_balance,monitor,medium
L100481,0.5006725427675998,0,current_balance,review,medium
L100481,0.47805618287939006,0,current_balance,monitor,medium
L100481,0.43132440357720997,1,current_balance,monitor,medium
L100481,0.4628480096185544,1,current_balance,monitor,medium
L100481,0.48019982109954573,0,current_balance,monitor,medium
L100481,0.4179903480387054,0,current_balance,monitor,medium
L100486,0.5799066725651799,0,current_balance,review,medium
L100486,0.5328387287828072,0,current_balance,review,medium
L100486,0.546368534279912,0,current_balance,review,medium
L100486,0.5533256349768115,0,current_balance,review,medium
L100486,0.5534906466004675,0,current_balance,review,medium
L100486,0.5503850608033072,0,current_balance,review,medium
L100486,0.5390535534334693,0,current_balance,review,medium
L100486,0.5254338244086676,0,current_balance,review,medium
L100486,0.5377307357473515,0,current_balance,review,medium
L100486,0.5296476881492085,0,current_balance,review,medium
L100486,0.5480533838283539,0,current_balance,review,medium
L100486,0.5009667814797625,0,current_balance,review,medium
L100490,0.4249030500001364,0,current_balance,monitor,medium
L100490,0.41890683895047265,0,current_balance,monitor,medium
L100490,0.49983678584934393,0,current_balance,monitor,medium
L100490,0.49835109079547374,0,current_balance,monitor,medium
L100490,0.35399503928724513,1,current_balance,monitor,medium
L100490,0.4352848674223457,1,current_balance,monitor,medium
L100490,0.455950265971998,0,current_balance,monitor,medium
L100490,0.48272715368589203,0,current_balance,monitor,medium
L100490,0.3170333483573142,0,current_balance,monitor,medium
L100490,0.3917524411404637,0,current_balance,monitor,medium
L100490,0.2901896324598043,0,current_balance,monitor,low
L100490,0.27486016935099095,0,current_balance,monitor,low
L100494,0.5201055203903543,0,current_balance,review,medium
L100494,0.5138769457786584,0,current_balance,review,medium
L100494,0.5104702592172794,0,current_balance,review,medium
L100494,0.49536513611415217,0,current_balance,monitor,medium
L100494,0.5105113703277986,0,current_balance,review,medium
L100494,0.49247508711961857,0,current_balance,monitor,medium
L100494,0.4913976141858092,0,current_balance,monitor,medium
L100494,0.46237863299186094,0,current_balance,monitor,medium
L100494,0.46461437247170045,0,current_balance,monitor,medium
L100494,0.47862754392352735,0,current_balance,monitor,medium
L100494,0.4825528927332794,0,current_balance,monitor,medium
L100494,0.4415075069967578,0,current_balance,monitor,medium
L100495,0.47043892927968445,0,current_balance,monitor,medium
L100495,0.4617041232940942,0,current_balance,monitor,medium
L100495,0.4179355698024388,0,current_balance,monitor,medium
L100495,0.39081400099138314,0,current_balance,monitor,medium
L100495,0.4182834162828154,0,current_balance,monitor,medium
L100495,0.363139979975155,0,current_balance,monitor,medium
L100495,0.40743012347734164,0,current_balance,monitor,medium
L100495,0.3712709928352736,0,current_balance,monitor,medium
L100495,0.3792264779052809,0,current_balance,monitor,medium
L100495,0.40461705956919525,0,current_balance,monitor,medium
L100495,0.3615074209265381,0,current_balance,monitor,medium
L100495,0.32315634067447474,0,current_balance,monitor,medium
L100497,0.43680965491321855,0,current_balance,monitor,medium
L100497,0.5854794219017988,0,current_balance,review,medium
L100497,0.43979470183474767,0,current_balance,monitor,medium
L100497,0.4354530062331093,0,current_balance,monitor,medium
L100497,0.42794480993362116,0,current_balance,monitor,medium
L100497,0.4238395666881561,0,current_balance,monitor,medium
L100497,0.5716736650431191,0,current_balance,review,medium
L100497,0.4068795869474529,0,current_balance,monitor,medium
L100497,0.49130773907954883,1,current_balance,monitor,medium
L100497,0.38351053223898485,1,current_balance,monitor,medium
L100502,0.37388043293424855,0,current_balance,monitor,medium
L100502,0.37977025427808636,0,current_balance,monitor,medium
L100502,0.334543463341257,0,current_balance,monitor,medium
L100502,0.342766405307831,0,current_balance,monitor,medium
L100502,0.39141667856165185,0,current_balance,monitor,medium
L100502,0.3440619619072425,0,current_balance,monitor,medium
L100502,0.3336385261905183,0,current_balance,monitor,medium
L100502,0.38727577688308273,0,current_balance,monitor,medium
L100502,0.34439630031928126,0,current_balance,monitor,medium
L100502,0.401588373761005,0,current_balance,monitor,medium
L100502,0.2607942203598111,0,current_balance,monitor,low
L100502,0.19955245210816452,0,current_balance,monitor,low
L100519,0.2534932799207015,0,current_balance,monitor,low
L100519,0.2594009550039986,0,current_balance,monitor,low
L100519,0.2548143900738892,0,current_balance,monitor,low
L100519,0.21924898330186696,0,current_balance,monitor,low
L100519,0.24447819044863503,0,current_balance,monitor,low
L100519,0.20584223155891596,0,current_balance,monitor,low
L100519,0.21531257706403764,0,current_balance,monitor,low
L100519,0.2002907706508209,0,current_balance,monitor,low
L100519,0.20554834563844307,0,current_balance,monitor,low
L100519,0.22800111452847685,1,current_balance,monitor,low
L100519,0.2364300177216691,0,current_balance,monitor,low
L100519,0.19769724347712564,1,current_balance,monitor,low
L100520,0.3943742490763127,0,current_balance,monitor,medium
L100520,0.37633502503360006,0,current_balance,monitor,medium
L100520,0.3843051816742943,0,current_balance,monitor,medium
L100520,0.395406371227838,0,current_balance,monitor,medium
L100520,0.4109119885531818,0,current_balance,monitor,medium
L100520,0.4050418200740654,0,current_balance,monitor,medium
L100520,0.48057220576531284,0,current_balance,monitor,medium
L100520,0.4148494772191785,0,current_balance,monitor,medium
L100520,0.46439043795806184,0,current_balance,monitor,medium
L100520,0.39193077156081607,0,current_balance,monitor,medium
L100520,0.38210524980886523,0,current_balance,monitor,medium
L100520,0.35061608144207795,0,current_balance,monitor,medium
L100521,0.5569171378557466,0,current_balance,review,medium
L100521,0.5522890690171492,0,current_balance,review,medium
L100521,0.5349211099453963,0,current_balance,review,medium
L100521,0.5393736747134704,0,current_balance,review,medium
L100521,0.5566932170403891,0,current_balance,review,medium
L100521,0.48477236722804995,1,current_balance,monitor,medium
L100524,0.4672814867190398,0,current_balance,monitor,medium
L100524,0.48518359968002606,0,current_balance,monitor,medium
L100524,0.46681738377842585,0,current_balance,monitor,medium
L100524,0.44709832804589766,0,current_balance,monitor,medium
L100524,0.4907833488664082,0,current_balance,monitor,medium
L100524,0.43693699688765775,0,current_balance,monitor,medium
L100524,0.4439527850416308,0,current_balance,monitor,medium
L100524,0.44480227389687754,0,current_balance,monitor,medium
L100524,0.4540448216800328,0,current_balance,monitor,medium
L100524,0.44798274673389826,0,current_balance,monitor,medium
L100524,0.4437509648002086,0,current_balance,monitor,medium
L100524,0.41820589956206816,0,current_balance,monitor,medium
L100529,0.42645743947485526,0,current_balance,monitor,medium
L100529,0.43458277001566276,0,current_balance,monitor,medium
L100529,0.41077070881443034,0,current_balance,monitor,medium
L100529,0.3862291211313023,0,current_balance,monitor,medium
L100529,0.3717848421746756,0,current_balance,monitor,medium
L100529,0.37801685218325376,0,current_balance,monitor,medium
L100529,0.38676988456507094,0,current_balance,monitor,medium
L100529,0.4126966054386687,0,current_balance,monitor,medium
L100529,0.4044378910459015,0,current_balance,monitor,medium
L100529,0.39729630898495033,0,current_balance,monitor,medium
L100529,0.3832427147008175,0,current_balance,monitor,medium
L100529,0.33949071706861483,0,current_balance,monitor,medium
L100535,0.337194208299933,0,current_balance,monitor,medium
L100535,0.34499591474491587,0,current_balance,monitor,medium
L100535,0.3544917379026207,0,current_balance,monitor,medium
L100535,0.3382004486771979,0,current_balance,monitor,medium
L100535,0.360053439988438,0,current_balance,monitor,medium
L100535,0.3458303056420695,0,current_balance,monitor,medium
L100535,0.32828724990569,0,current_balance,monitor,medium
L100535,0.3264231569245707,0,current_balance,monitor,medium
L100535,0.31152014095670555,0,current_balance,monitor,medium
L100535,0.37186290471037686,0,current_balance,monitor,medium
L100535,0.31739204398625137,0,current_balance,monitor,medium
L100535,0.3372078425202752,0,current_balance,monitor,medium
L100537,0.411895892393398,0,current_balance,monitor,medium
L100537,0.49914115521541924,0,current_balance,monitor,medium
L100537,0.5568105321566851,0,current_balance,review,medium
L100537,0.5485336540519996,0,current_balance,review,medium
L100537,0.5243749596766807,0,current_balance,review,medium
L100537,0.5140077325830706,0,current_balance,review,medium
L100537,0.505381803541786,0,current_balance,review,medium
L100537,0.5332949084274818,0,current_balance,review,medium
L100537,0.3975996899136161,0,current_balance,monitor,medium
L100537,0.47678042376429586,0,current_balance,monitor,medium
L100537,0.46084131806127,0,current_balance,monitor,medium
L100537,0.3708481026127331,1,current_balance,monitor,medium
L100539,0.49086833907351946,0,current_balance,monitor,medium
L100539,0.47789598063243494,0,current_balance,monitor,medium
L100539,0.48138326103595547,0,current_balance,monitor,medium
L100539,0.48870480774180325,0,current_balance,monitor,medium
L100539,0.47658659878841675,0,current_balance,monitor,medium
L100539,0.46552684174636993,0,current_balance,monitor,medium
L100539,0.47447756249571776,0,current_balance,monitor,medium
L100539,0.4346232530609826,0,current_balance,monitor,medium
L100539,0.4462866717987521,0,current_balance,monitor,medium
L100539,0.4323078403780489,0,current_balance,monitor,medium
L100539,0.4239998761531341,0,current_balance,monitor,medium
L100539,0.39022173782541686,0,current_balance,monitor,medium
L100545,0.6115573658028504,0,current_balance,review,medium
L100545,0.6153580965482432,0,current_balance,review,medium
L100545,0.6047668675206522,0,current_balance,review,medium
L100545,0.6016997516557943,0,current_balance,review,medium
L100545,0.612182218749432,0,current_balance,review,medium
L100545,0.6067860607157226,0,current_balance,review,medium
L100545,0.5955428692812056,0,current_balance,review,medium
L100545,0.5689457038895233,0,current_balance,review,medium
L100545,0.5631717407821718,0,current_balance,review,medium
L100545,0.5729272451227676,0,current_balance,review,medium
L100545,0.5355748214361041,0,current_balance,review,medium
L100545,0.5211803028549419,0,current_balance,review,medium
L100549,0.41230966740908204,0,current_balance,monitor,medium
L100549,0.4877483452323776,0,current_balance,monitor,medium
L100549,0.4783931011991456,0,current_balance,monitor,medium
L100549,0.5046837474467359,0,current_balance,review,medium
L100549,0.4949462084077505,0,current_balance,monitor,medium
L100549,0.4934248627504841,0,current_balance,monitor,medium
L100549,0.48257633253069626,0,current_balance,monitor,medium
L100549,0.48441658122803344,0,current_balance,monitor,medium
L100549,0.4922435999222412,0,current_balance,monitor,medium
L100549,0.48325037481616057,0,current_balance,monitor,medium
L100549,0.47966333103216,0,current_balance,monitor,medium
L100549,0.4414959619276075,0,current_balance,monitor,medium
L100550,0.17240229451055517,0,current_balance,monitor,low
L100550,0.16372649663255728,0,current_balance,monitor,low
L100550,0.26413373791508094,0,current_balance,monitor,low
L100550,0.17610816019127423,0,current_balance,monitor,low
L100550,0.19131740199733976,0,current_balance,monitor,low
L100550,0.24052269829287115,0,current_balance,monitor,low
L100550,0.24542388990211333,0,current_balance,monitor,low
L100550,0.18461292290024833,0,current_balance,monitor,low
L100550,0.20419049549173093,0,current_balance,monitor,low
L100550,0.2429499119189563,0,current_balance,monitor,low
L100550,0.15106957682227887,0,current_balance,monitor,low
L100554,0.44230603869724044,0,current_balance,monitor,medium
L100554,0.4365005047382823,0,current_balance,monitor,medium
L100554,0.4602125995006693,0,current_balance,monitor,medium
L100554,0.396160940666198,1,current_balance,monitor,medium
L100554,0.40501861181286924,0,current_balance,monitor,medium
L100554,0.4055086893328437,0,current_balance,monitor,medium
L100554,0.408157705744298,0,current_balance,monitor,medium
L100554,0.43590603622305013,0,current_balance,monitor,medium
L100554,0.4328962383307885,0,current_balance,monitor,medium
L100554,0.39073887593877354,0,current_balance,monitor,medium
L100554,0.3605454717041394,1,current_balance,monitor,medium
L100554,0.28877473780176327,1,current_balance,monitor,low
L100559,0.6270267606001931,0,current_balance,review,medium
L100559,0.6147062681114094,0,current_balance,review,medium
L100559,0.6062428146135992,0,current_balance,review,medium
L100559,0.6205460209147656,0,current_balance,review,medium
L100559,0.6086297019506592,0,current_balance,review,medium
L100559,0.5912411944069883,0,current_balance,review,medium
L100559,0.5829614126468637,0,current_balance,review,medium
L100559,0.588413666547655,0,current_balance,review,medium
L100559,0.5805293246939672,0,current_balance,review,medium
L100559,0.5881257120016311,0,current_balance,review,medium
L100559,0.5854198888615221,0,current_balance,review,medium
L100559,0.5045021109381164,0,current_balance,review,medium
L100560,0.4422351447087842,0,current_balance,monitor,medium
L100560,0.4422928905349837,0,current_balance,monitor,medium
L100560,0.4375980542449958,0,current_balance,monitor,medium
L100560,0.421240598756982,0,current_balance,monitor,medium
L100560,0.42047470062465236,0,current_balance,monitor,medium
L100560,0.4488973361517189,0,current_balance,monitor,medium
L100560,0.4183726983484457,0,current_balance,monitor,medium
L100560,0.45636329499500056,0,current_balance,monitor,medium
L100560,0.4599778677016689,0,current_balance,monitor,medium
L100560,0.4495169988813382,0,current_balance,monitor,medium
L100560,0.47831557665337693,0,current_balance,monitor,medium
L100560,0.40530764177678935,0,current_balance,monitor,medium
L100566,0.5315900447586231,0,current_balance,review,medium
L100566,0.5358158179586637,0,current_balance,review,medium
L100566,0.5427927101949893,0,current_balance,review,medium
L100566,0.5212451630334803,0,current_balance,review,medium
L100566,0.5126009476928408,0,current_balance,review,medium
L100566,0.5501516219225369,0,current_balance,review,medium
L100566,0.5265886000335112,0,current_balance,review,medium
L100566,0.5540678706536969,0,current_balance,review,medium
L100566,0.5384196797575521,0,current_balance,review,medium
L100566,0.5176333085050936,0,current_balance,review,medium
L100566,0.5667298113196031,0,current_balance,review,medium
L100566,0.415975934526029,0,current_balance,monitor,medium
L100575,0.36339076556600985,0,current_balance,monitor,medium
L100575,0.3838058693789446,0,current_balance,monitor,medium
L100575,0.39316894849837225,0,current_balance,monitor,medium
L100575,0.4185073585951494,0,current_balance,monitor,medium
L100575,0.4299107193124883,0,current_balance,monitor,medium
L100575,0.3823168865231053,0,current_balance,monitor,medium
L100575,0.44257103823523214,0,current_balance,monitor,medium
L100575,0.3627609196496394,0,current_balance,monitor,medium
L100575,0.3929026098397177,0,current_balance,monitor,medium
L100575,0.3495546082529517,0,current_balance,monitor,medium
L100575,0.37441851009679206,0,current_balance,monitor,medium
L100575,0.3191575258617195,0,current_balance,monitor,medium
L100576,0.44852776725599497,0,current_balance,monitor,medium
L100576,0.49049972751879656,0,current_balance,monitor,medium
L100576,0.5002264159642639,0,current_balance,review,medium
L100576,0.472868201498623,0,current_balance,monitor,medium
L100576,0.4817513004660539,0,current_balance,monitor,medium
L100576,0.47765169110235606,0,current_balance,monitor,medium
L100576,0.45325622829479767,0,current_balance,monitor,medium
L100576,0.49525269404349814,0,current_balance,monitor,medium
L100576,0.4784989867882772,0,current_balance,monitor,medium
L100576,0.49275923401511806,0,current_balance,monitor,medium
L100576,0.46739550705592536,0,current_balance,monitor,medium
L100576,0.43254710143244784,0,current_balance,monitor,medium
L100579,0.55358994937365,0,current_balance,review,medium
L100579,0.5282176822763001,0,current_balance,review,medium
L100579,0.5248675017781196,0,current_balance,review,medium
L100579,0.529795440994037,0,current_balance,review,medium
L100579,0.5096445679909373,0,current_balance,review,medium
L100579,0.4988839939587227,0,current_balance,monitor,medium
L100579,0.5165990559066629,0,current_balance,review,medium
L100579,0.48451667121683284,0,current_balance,monitor,medium
L100579,0.48585050729421553,0,current_balance,monitor,medium
L100579,0.47921358890916016,0,current_balance,monitor,medium
L100579,0.4605726724965368,0,current_balance,monitor,medium
L100579,0.42755304374445413,0,current_balance,monitor,medium
L100588,0.5928843662148817,0,current_balance,review,medium
L100588,0.5578066230612538,0,current_balance,review,medium
L100588,0.5364574297097213,0,current_balance,review,medium
L100588,0.5388213305269182,0,current_balance,review,medium
L100588,0.5210125669964791,0,current_balance,review,medium
L100588,0.5177857431113426,0,current_balance,review,medium
L100588,0.5382964531683484,0,current_balance,review,medium
L100588,0.5142336273803242,0,current_balance,review,medium
L100588,0.5576085957021735,0,current_balance,review,medium
L100588,0.5540188943344517,0,current_balance,review,medium
L100588,0.533856547077532,0,current_balance,review,medium
L100588,0.4756894340997657,0,current_balance,monitor,medium
L100599,0.38809405050684836,0,current_balance,monitor,medium
L100599,0.3821175048370683,0,current_balance,monitor,medium
L100599,0.380626069584357,0,current_balance,monitor,medium
L100599,0.3518113210400137,0,current_balance,monitor,medium
L100599,0.37138364447793903,0,current_balance,monitor,medium
L100599,0.3361313576636883,0,current_balance,monitor,medium
L100599,0.251174781304193,0,current_balance,monitor,low
L100599,0.24669001706238058,0,current_balance,monitor,low
L100599,0.19953857602337288,1,current_balance,monitor,low
L100599,0.30527565266148443,1,current_balance,monitor,medium
L100604,0.4805397742542691,0,current_balance,monitor,medium
L100604,0.4883618864684211,0,current_balance,monitor,medium
L100604,0.5154065004054468,0,current_balance,review,medium
L100604,0.49723807211556964,0,current_balance,monitor,medium
L100604,0.4690836128622193,0,current_balance,monitor,medium
L100604,0.4823000166868303,0,current_balance,monitor,medium
L100604,0.472486595126062,0,current_balance,monitor,medium
L100604,0.4907890641809534,0,current_balance,monitor,medium
L100604,0.445996102596001,0,current_balance,monitor,medium
L100604,0.4377114497432981,0,current_balance,monitor,medium
L100604,0.4297719874424122,0,current_balance,monitor,medium
L100604,0.34012067664083095,0,current_balance,monitor,medium
L100605,0.4164380244054462,0,current_balance,monitor,medium
L100605,0.41673754693549414,0,current_balance,monitor,medium
L100605,0.41374853418167423,0,current_balance,monitor,medium
L100605,0.4280738674754327,0,current_balance,monitor,medium
L100605,0.42663218689994,0,current_balance,monitor,medium
L100605,0.44748710961137333,0,current_balance,monitor,medium
L100605,0.43606285789012206,0,current_balance,monitor,medium
L100605,0.4487804199030089,0,current_balance,monitor,medium
L100605,0.4449643194904086,0,current_balance,monitor,medium
L100605,0.42908221407741437,0,current_balance,monitor,medium
L100605,0.4414038426568483,0,current_balance,monitor,medium
L100605,0.4213458328816004,0,current_balance,monitor,medium
L100607,0.3922828872863786,0,current_balance,monitor,medium
L100607,0.41090655806444576,0,current_balance,monitor,medium
L100607,0.40202038573981974,0,current_balance,monitor,medium
L100607,0.42267552202514125,0,current_balance,monitor,medium
L100607,0.3890918073730065,0,current_balance,monitor,medium
L100607,0.42629950654877147,0,current_balance,monitor,medium
L100607,0.394450884745584,0,current_balance,monitor,medium
L100607,0.4189597346100223,0,current_balance,monitor,medium
L100607,0.4130838731507858,0,current_balance,monitor,medium
L100607,0.45439039326634467,0,current_balance,monitor,medium
L100607,0.47250696986118645,0,current_balance,monitor,medium
L100607,0.4290786854016093,0,current_balance,monitor,medium
L100612,0.33196538149232396,0,current_balance,monitor,medium
L100612,0.30443926249029696,0,current_balance,monitor,medium
L100612,0.3138043054260404,0,current_balance,monitor,medium
L100612,0.277624249590712,0,current_balance,monitor,low
L100612,0.2751596605293063,0,current_balance,monitor,low
L100612,0.103521568621998,0,current_balance,monitor,low
L100622,0.4886813787741165,0,current_balance,monitor,medium
L100622,0.4934460168475506,0,current_balance,monitor,medium
L100622,0.486875199737603,0,current_balance,monitor,medium
L100622,0.4854264476627418,0,current_balance,monitor,medium
L100622,0.49992571310444844,0,current_balance,monitor,medium
L100622,0.48795818784528416,0,current_balance,monitor,medium
L100622,0.4826411479378402,0,current_balance,monitor,medium
L100622,0.4894437732057877,0,current_balance,monitor,medium
L100622,0.4982750781229152,0,current_balance,monitor,medium
L100622,0.48516018306046815,0,current_balance,monitor,medium
L100622,0.482089053211535,0,current_balance,monitor,medium
L100622,0.4410238906855705,0,current_balance,monitor,medium
L100629,0.10716626161472805,0,current_balance,monitor,low
L100636,0.371213037516995,0,current_balance,monitor,medium
L100636,0.38782377340396446,0,current_balance,monitor,medium
L100636,0.3837730688074601,0,current_balance,monitor,medium
L100636,0.39575250531212175,0,current_balance,monitor,medium
L100636,0.3681537446730627,0,current_balance,monitor,medium
L100636,0.3658163112449855,0,current_balance,monitor,medium
L100636,0.345649948570599,0,current_balance,monitor,medium
L100636,0.34408997164873456,0,current_balance,monitor,medium
L100636,0.3714256558365164,0,current_balance,monitor,medium
L100636,0.3623975993002475,0,current_balance,monitor,medium
L100636,0.35700575500267445,0,current_balance,monitor,medium
L100636,0.28185316829715396,0,current_balance,monitor,low
L100639,0.4562771082970857,0,current_balance,monitor,medium
L100639,0.4771533817752002,0,current_balance,monitor,medium
L100639,0.5075373501696664,0,current_balance,review,medium
L100639,0.5007384427349592,0,current_balance,review,medium
L100639,0.5196175097370556,0,current_balance,review,medium
L100639,0.514056834395666,0,current_balance,review,medium
L100639,0.5061962444131606,0,current_balance,review,medium
L100639,0.5011329893447494,0,current_balance,review,medium
L100639,0.4892508165748785,0,current_balance,monitor,medium
L100639,0.5005418988297938,0,current_balance,review,medium
L100639,0.5001793641916602,0,current_balance,review,medium
L100639,0.09829405348207984,0,current_balance,monitor,low
L100645,0.5150864019049463,0,current_balance,review,medium
L100645,0.4737896212009791,1,current_balance,monitor,medium
L100645,0.5097764717644442,0,current_balance,review,medium
L100646,0.4613344252371728,0,current_balance,monitor,medium
L100646,0.4655772259710542,0,current_balance,monitor,medium
L100646,0.470709268610086,0,current_balance,monitor,medium
L100646,0.4636845665393674,0,current_balance,monitor,medium
L100646,0.4580696331334777,0,current_balance,monitor,medium
L100646,0.4323472655661212,0,current_balance,monitor,medium
L100646,0.4313203957448812,0,current_balance,monitor,medium
L100646,0.43961020320941513,0,current_balance,monitor,medium
L100646,0.4770996534709871,0,current_balance,monitor,medium
L100646,0.4586595450018367,0,current_balance,monitor,medium
L100646,0.47266835499346344,0,current_balance,monitor,medium
L100646,0.42799735407942185,0,current_balance,monitor,medium
L100647,0.39136387231329023,0,current_balance,monitor,medium
L100647,0.39064608002350276,0,current_balance,monitor,medium
L100647,0.4005596880806251,0,current_balance,monitor,medium
L100647,0.3872066112871401,0,current_balance,monitor,medium
L100647,0.406110082250905,0,current_balance,monitor,medium
L100647,0.37080785477221956,0,current_balance,monitor,medium
L100647,0.36153513542126936,0,current_balance,monitor,medium
L100647,0.3391576610093384,0,current_balance,monitor,medium
L100647,0.3592585839549532,0,current_balance,monitor,medium
L100647,0.3233049897300118,0,current_balance,monitor,medium
L100647,0.36550001254415926,0,current_balance,monitor,medium
L100647,0.3343617224372941,0,current_balance,monitor,medium
L100654,0.40690042402716836,0,current_balance,monitor,medium
L100654,0.30524399653955686,0,current_balance,monitor,medium
L100654,0.33798898876279365,0,current_balance,monitor,medium
L100654,0.3468516552332685,0,current_balance,monitor,medium
L100654,0.4001110680341312,0,current_balance,monitor,medium
L100654,0.27911574667871014,0,current_balance,monitor,low
L100654,0.2858603744314343,0,current_balance,monitor,low
L100654,0.3925313696547982,0,current_balance,monitor,medium
L100654,0.38380990889906735,0,current_balance,monitor,medium
L100654,0.30530639964457673,0,current_balance,monitor,medium
L100654,0.3107270488619119,0,current_balance,monitor,medium
L100654,0.2724789617937603,0,current_balance,monitor,low
L100661,0.4780818848965456,0,current_balance,monitor,medium
L100661,0.5048066702305973,0,current_balance,review,medium
L100661,0.49195752975896745,0,current_balance,monitor,medium
L100661,0.5534393342596723,0,current_balance,review,medium
L100661,0.5156707345229102,0,current_balance,review,medium
L100661,0.498933060893701,0,current_balance,monitor,medium
L100661,0.49687924873199063,0,current_balance,monitor,medium
L100661,0.4954652171887433,0,current_balance,monitor,medium
L100661,0.48777085920540714,0,current_balance,monitor,medium
L100661,0.49266347661320786,0,current_balance,monitor,medium
L100661,0.4958891807759029,0,current_balance,monitor,medium
L100661,0.49592082521829717,0,current_balance,monitor,medium
L100675,0.3608473044461893,0,current_balance,monitor,medium
L100675,0.12810106774422933,0,current_balance,monitor,low
L100678,0.2525051638119415,0,current_balance,monitor,low
L100678,0.26736671700892395,0,current_balance,monitor,low
L100678,0.299647456548602,0,current_balance,monitor,low
L100678,0.22911852821955844,0,current_balance,monitor,low
L100678,0.23687346523869623,0,current_balance,monitor,low
L100678,0.21083510422434945,0,current_balance,monitor,low
L100678,0.20698906506596085,0,current_balance,monitor,low
L100678,0.19690484090782068,1,current_balance,monitor,low
L100690,0.4655738978224963,0,current_balance,monitor,medium
L100690,0.4849857511024636,0,current_balance,monitor,medium
L100690,0.5210835415387443,0,current_balance,review,medium
L100690,0.488555016897182,0,current_balance,monitor,medium
L100690,0.4979523432502264,0,current_balance,monitor,medium
L100690,0.461914371104926,0,current_balance,monitor,medium
L100690,0.45969557295312546,0,current_balance,monitor,medium
L100690,0.33384197575218566,0,current_balance,monitor,medium
L100690,0.4665075127323609,0,current_balance,monitor,medium
L100690,0.09363520419716295,0,current_balance,monitor,low
L100695,0.5193705958934282,0,current_balance,review,medium
L100695,0.5030471909995181,0,current_balance,review,medium
L100695,0.477740336963025,0,current_balance,monitor,medium
L100695,0.48865386177658543,0,current_balance,monitor,medium
L100695,0.5218685965680006,0,current_balance,review,medium
L100695,0.4945569902481658,0,current_balance,monitor,medium
L100695,0.5281072902030927,0,current_balance,review,medium
L100695,0.5418257545313735,0,current_balance,review,medium
L100695,0.5392651785684796,0,current_balance,review,medium
L100695,0.5271772694857706,0,current_balance,review,medium
L100695,0.5223107697288895,0,current_balance,review,medium
L100695,0.4246188608057551,0,current_balance,monitor,medium
L100710,0.43482262190968507,0,current_balance,monitor,medium
L100710,0.43615946911302766,0,current_balance,monitor,medium
L100710,0.46725282900322584,0,current_balance,monitor,medium
L100710,0.4663517297806428,0,current_balance,monitor,medium
L100710,0.4929015686225148,0,current_balance,monitor,medium
L100710,0.3828770346299819,0,current_balance,monitor,medium
L100710,0.41621093411975046,0,current_balance,monitor,medium
L100710,0.3903880863725285,0,current_balance,monitor,medium
L100710,0.39142909865311915,0,current_balance,monitor,medium
L100710,0.4196712627156159,0,current_balance,monitor,medium
L100710,0.410442339660849,0,current_balance,monitor,medium
L100710,0.36613230680658204,0,current_balance,monitor,medium
L100711,0.4102903337298098,0,current_balance,monitor,medium
L100711,0.4269300444617151,0,current_balance,monitor,medium
L100711,0.39920649159302163,0,current_balance,monitor,medium
L100711,0.404266955975481,0,current_balance,monitor,medium
L100711,0.40423033531215247,0,current_balance,monitor,medium
L100711,0.38371392343640515,0,current_balance,monitor,medium
L100711,0.3856924423338539,0,current_balance,monitor,medium
L100711,0.3907997733760659,0,current_balance,monitor,medium
L100711,0.4182351456254982,0,current_balance,monitor,medium
L100711,0.4193483007911648,0,current_balance,monitor,medium
L100711,0.4189283815942526,0,current_balance,monitor,medium
L100711,0.32835425243455707,0,current_balance,monitor,medium
L100726,0.2997329651844871,1,current_balance,monitor,low
L100726,0.39824738864836357,0,current_balance,monitor,medium
L100726,0.3655129775432722,0,current_balance,monitor,medium
L100726,0.30899284471589494,0,current_balance,monitor,medium
L100726,0.3139651113989859,0,current_balance,monitor,medium
L100726,0.291245400998239,0,current_balance,monitor,low
L100726,0.28018508797014985,0,current_balance,monitor,low
L100726,0.29514972491241254,0,current_balance,monitor,low
L100726,0.37248807208719353,0,current_balance,monitor,medium
L100726,0.3356198521581461,0,current_balance,monitor,medium
L100726,0.22699054517329442,1,current_balance,monitor,low
L100726,0.20229522910556366,1,current_balance,monitor,low
L100727,0.476129968928465,0,current_balance,monitor,medium
L100727,0.48847966464040643,0,current_balance,monitor,medium
L100727,0.47006607020323865,0,current_balance,monitor,medium
L100727,0.48339634057031433,0,current_balance,monitor,medium
L100727,0.49244676567335616,0,current_balance,monitor,medium
L100727,0.49648421428512785,0,current_balance,monitor,medium
L100727,0.1253261485179837,0,current_balance,monitor,low
L100730,0.435025235461697,0,current_balance,monitor,medium
L100730,0.46098658110802754,0,current_balance,monitor,medium
L100730,0.4589056950351998,0,current_balance,monitor,medium
L100730,0.4665307413722253,0,current_balance,monitor,medium
L100730,0.4872869633172552,0,current_balance,monitor,medium
L100730,0.4711189627234531,0,current_balance,monitor,medium
L100730,0.48461690993640333,0,current_balance,monitor,medium
L100730,0.4837465180681118,0,current_balance,monitor,medium
L100730,0.46735537158829593,0,current_balance,monitor,medium
L100730,0.46209168259355965,0,current_balance,monitor,medium
L100730,0.4504162672205988,0,current_balance,monitor,medium
L100730,0.3921310834181188,0,current_balance,monitor,medium
L100741,0.3549494603103404,0,current_balance,monitor,medium
L100741,0.3313194933103555,0,current_balance,monitor,medium
L100741,0.25761814120059395,0,current_balance,monitor,low
L100741,0.2500250334739907,0,current_balance,monitor,low
L100741,0.24072403814307744,0,current_balance,monitor,low
L100741,0.21921837613472983,0,current_balance,monitor,low
L100741,0.2175236887727878,0,current_balance,monitor,low
L100741,0.2364136806032838,0,current_balance,monitor,low
L100741,0.23082926295832004,0,current_balance,monitor,low
L100741,0.22205699097769313,0,current_balance,monitor,low
L100741,0.2270192154734106,0,current_balance,monitor,low
L100741,0.20117983727799238,0,current_balance,monitor,low
L100745,0.4968995859608027,0,current_balance,monitor,medium
L100745,0.4904188429212408,0,current_balance,monitor,medium
L100745,0.5210159715827757,0,current_balance,review,medium
L100745,0.5121995344116081,0,current_balance,review,medium
L100745,0.5101692146980865,0,current_balance,review,medium
L100745,0.5026978316578952,0,current_balance,review,medium
L100745,0.4901456640498101,0,current_balance,monitor,medium
L100745,0.5012048530315025,0,current_balance,review,medium
L100745,0.502952984082236,0,current_balance,review,medium
L100745,0.4913529976608973,0,current_balance,monitor,medium
L100745,0.46541669244269857,1,current_balance,monitor,medium
L100745,0.422332982824517,1,current_balance,monitor,medium
L100753,0.33848894401722984,0,current_balance,monitor,medium
L100753,0.4023274770731189,0,current_balance,monitor,medium
L100753,0.363064277722749,0,current_balance,monitor,medium
L100753,0.4055482637598734,0,current_balance,monitor,medium
L100753,0.36858440803944775,0,current_balance,monitor,medium
L100753,0.34593480971345186,0,current_balance,monitor,medium
L100753,0.34974011832351176,0,current_balance,monitor,medium
L100753,0.3544433091490022,0,current_balance,monitor,medium
L100753,0.37834831276188186,0,current_balance,monitor,medium
L100753,0.3740019515580004,0,current_balance,monitor,medium
L100753,0.3520120660667748,0,current_balance,monitor,medium
L100753,0.3177807304555234,0,current_balance,monitor,medium
L100759,0.4372821359440271,0,current_balance,monitor,medium
L100759,0.43610303790460164,0,current_balance,monitor,medium
L100759,0.45887150690127343,0,current_balance,monitor,medium
L100759,0.4633210542130899,0,current_balance,monitor,medium
L100759,0.42309036849286047,0,current_balance,monitor,medium
L100759,0.4453854952269057,0,current_balance,monitor,medium
L100759,0.4332303819513425,0,current_balance,monitor,medium
L100759,0.4286161175060807,0,current_balance,monitor,medium
L100759,0.4336226043422118,0,current_balance,monitor,medium
L100759,0.45961075881867197,0,current_balance,monitor,medium
L100759,0.41540498765496137,0,current_balance,monitor,medium
L100759,0.4029673700902381,0,current_balance,monitor,medium
L100763,0.43017444927113097,0,current_balance,monitor,medium
L100763,0.4180912853203898,0,current_balance,monitor,medium
L100763,0.41216373179975174,0,current_balance,monitor,medium
L100763,0.40625578518836564,0,current_balance,monitor,medium
L100763,0.39297180988502506,0,current_balance,monitor,medium
L100763,0.39710543921467006,0,current_balance,monitor,medium
L100763,0.38443044636716484,0,current_balance,monitor,medium
L100763,0.3759186006980503,0,current_balance,monitor,medium
L100763,0.403703872742935,0,current_balance,monitor,medium
L100763,0.43297206007285616,0,current_balance,monitor,medium
L100763,0.410264448544476,0,current_balance,monitor,medium
L100763,0.3579587600097595,0,current_balance,monitor,medium
L100764,0.4232171489534165,0,current_balance,monitor,medium
L100764,0.4213460850273739,0,current_balance,monitor,medium
L100764,0.4273729004178285,0,current_balance,monitor,medium
L100764,0.42812141683821836,0,current_balance,monitor,medium
L100764,0.3978755354401667,0,current_balance,monitor,medium
L100764,0.4072624306828997,0,current_balance,monitor,medium
L100764,0.4040790308416324,0,current_balance,monitor,medium
L100764,0.4030863955542262,0,current_balance,monitor,medium
L100764,0.4131897897331866,0,current_balance,monitor,medium
L100764,0.3862442526639448,0,current_balance,monitor,medium
L100764,0.37737775578916094,0,current_balance,monitor,medium
L100764,0.3318455910761673,0,current_balance,monitor,medium
L100772,0.3883274059018831,0,current_balance,monitor,medium
L100772,0.3836125745220821,0,current_balance,monitor,medium
L100772,0.39578985647997067,0,current_balance,monitor,medium
L100772,0.39608735150106006,0,current_balance,monitor,medium
L100772,0.4065032930329805,0,current_balance,monitor,medium
L100772,0.4088072014427471,0,current_balance,monitor,medium
L100772,0.41198377699771577,0,current_balance,monitor,medium
L100772,0.393459634985287,0,current_balance,monitor,medium
L100772,0.40895198433186186,0,current_balance,monitor,medium
L100772,0.4060290902067859,0,current_balance,monitor,medium
L100772,0.3866427147217541,0,current_balance,monitor,medium
L100772,0.37085026762545004,0,current_balance,monitor,medium
L100774,0.32036110113671123,0,current_balance,monitor,medium
L100774,0.3394301634756948,0,current_balance,monitor,medium
L100774,0.14350912450634412,0,current_balance,monitor,low
L100775,0.5221025489079498,0,current_balance,review,medium
L100775,0.514448987349128,0,current_balance,review,medium
L100775,0.4788357610252948,0,current_balance,monitor,medium
L100775,0.4886259823167853,0,current_balance,monitor,medium
L100775,0.48725689350681994,0,current_balance,monitor,medium
L100775,0.5276241590173709,0,current_balance,review,medium
L100775,0.47382886817905606,1,current_balance,monitor,medium
L100775,0.4478968207482656,1,current_balance,monitor,medium
L100784,0.5753695777441995,0,current_balance,review,medium
L100784,0.5745630749028364,0,current_balance,review,medium
L100784,0.5503533514059379,0,current_balance,review,medium
L100784,0.5801786396153299,0,current_balance,review,medium
L100784,0.5580084373456536,0,current_balance,review,medium
L100784,0.535272878685588,0,current_balance,review,medium
L100784,0.5254783318140386,0,current_balance,review,medium
L100784,0.5238017631314924,0,current_balance,review,medium
L100784,0.5496101638553558,0,current_balance,review,medium
L100784,0.5391901276243047,0,current_balance,review,medium
L100784,0.5225848990405276,0,current_balance,review,medium
L100784,0.4916876959279373,0,current_balance,monitor,medium
L100787,0.41508353865773273,0,current_balance,monitor,medium
L100787,0.4349328554023389,0,current_balance,monitor,medium
L100787,0.4168768507449099,0,current_balance,monitor,medium
L100787,0.49346692791162916,0,current_balance,monitor,medium
L100787,0.4349838276210924,0,current_balance,monitor,medium
L100787,0.43356248099518846,0,current_balance,monitor,medium
L100787,0.5027356516541341,0,current_balance,review,medium
L100787,0.5198567080861233,0,current_balance,review,medium
L100787,0.5115687345727938,0,current_balance,review,medium
L100787,0.4546442669457729,0,current_balance,monitor,medium
L100787,0.49441563435247526,0,current_balance,monitor,medium
L100787,0.4195328416984866,0,current_balance,monitor,medium
L100803,0.4249857301056065,0,current_balance,monitor,medium
L100803,0.569223413625779,0,current_balance,review,medium
L100803,0.42652325387041756,0,current_balance,monitor,medium
L100803,0.42548615594662936,0,current_balance,monitor,medium
L100803,0.3994109253853372,0,current_balance,monitor,medium
L100803,0.4131884310158382,0,current_balance,monitor,medium
L100803,0.557703955934749,0,current_balance,review,medium
L100803,0.41729205762667626,0,current_balance,monitor,medium
L100803,0.40169687619062827,0,current_balance,monitor,medium
L100803,0.40110191702266174,0,current_balance,monitor,medium
L100803,0.36509883472908106,0,current_balance,monitor,medium
L100803,0.3594182832608035,0,current_balance,monitor,medium
L100808,0.5475441177544925,0,current_balance,review,medium
L100808,0.5198524520540773,0,current_balance,review,medium
L100808,0.4907815539226343,0,current_balance,monitor,medium
L100808,0.5019406990920703,0,current_balance,review,medium
L100808,0.5003504308860725,0,current_balance,review,medium
L100808,0.49358497370290805,0,current_balance,monitor,medium
L100808,0.5049723836485418,0,current_balance,review,medium
L100808,0.4869130709806859,0,current_balance,monitor,medium
L100808,0.4785584292989595,0,current_balance,monitor,medium
L100808,0.5116070578274547,0,current_balance,review,medium
L100808,0.48977373474684527,0,current_balance,monitor,medium
L100808,0.4142463483469551,0,current_balance,monitor,medium
L100811,0.48523197911616117,0,current_balance,monitor,medium
L100811,0.49963692923308867,0,current_balance,monitor,medium
L100811,0.5018381729231917,0,current_balance,review,medium
L100811,0.5127915232089145,0,current_balance,review,medium
L100811,0.5128417820121988,0,current_balance,review,medium
L100811,0.4970446485670128,0,current_balance,monitor,medium
L100811,0.49707460220620214,0,current_balance,monitor,medium
L100811,0.5130127577462159,0,current_balance,review,medium
L100811,0.5093666527945445,0,current_balance,review,medium
L100811,0.4882339805538048,0,current_balance,monitor,medium
L100811,0.44330516349119153,1,current_balance,monitor,medium
L100811,0.4480471558759907,1,current_balance,monitor,medium
L100814,0.4853230496461521,0,current_balance,monitor,medium
L100814,0.45885032455193026,0,current_balance,monitor,medium
L100814,0.46709795904889206,0,current_balance,monitor,medium
L100814,0.4656315965132085,0,current_balance,monitor,medium
L100814,0.47051703113727333,0,current_balance,monitor,medium
L100814,0.4663564269556095,0,current_balance,monitor,medium
L100814,0.45502711917915656,0,current_balance,monitor,medium
L100814,0.46317189055386343,0,current_balance,monitor,medium
L100814,0.48030529479663114,0,current_balance,monitor,medium
L100814,0.4865136055900034,0,current_balance,monitor,medium
L100814,0.4641642693100876,0,current_balance,monitor,medium
L100814,0.4173940688061844,0,current_balance,monitor,medium
L100821,0.5531586897728283,0,current_balance,review,medium
L100821,0.5801966823685636,0,current_balance,review,medium
L100821,0.5685715142299185,0,current_balance,review,medium
L100821,0.5616560324362866,0,current_balance,review,medium
L100821,0.5425620739509038,0,current_balance,review,medium
L100821,0.540169714213755,0,current_balance,review,medium
L100821,0.5412071254790122,0,current_balance,review,medium
L100821,0.53809031859097,0,current_balance,review,medium
L100821,0.5248319535317673,0,current_balance,review,medium
L100821,0.540894783219381,0,current_balance,review,medium
L100821,0.5326502425324501,0,current_balance,review,medium
L100821,0.4706681226830448,0,current_balance,monitor,medium
L100822,0.5199757387415224,0,current_balance,review,medium
L100822,0.5320609445207526,0,current_balance,review,medium
L100822,0.5215588912661375,0,current_balance,review,medium
L100822,0.5158781744296114,0,current_balance,review,medium
L100822,0.5371727020371105,0,current_balance,review,medium
L100822,0.09910750480638116,0,current_balance,monitor,low
L100823,0.3563148583860743,0,current_balance,monitor,medium
L100823,0.4080176789689862,0,current_balance,monitor,medium
L100823,0.40257807907705156,0,current_balance,monitor,medium
L100823,0.3934116756146212,0,current_balance,monitor,medium
L100823,0.4417952447085184,0,current_balance,monitor,medium
L100823,0.3873313285127636,0,current_balance,monitor,medium
L100823,0.38849705077402824,0,current_balance,monitor,medium
L100823,0.3937859081354778,0,current_balance,monitor,medium
L100823,0.4116892972535877,0,current_balance,monitor,medium
L100823,0.4132878099952768,0,current_balance,monitor,medium
L100823,0.37090914285527105,0,current_balance,monitor,medium
L100823,0.37209026902452735,0,current_balance,monitor,medium
L100827,0.5006939113142728,0,current_balance,review,medium
L100827,0.5245819265238907,0,current_balance,review,medium
L100827,0.479467871753346,1,current_balance,monitor,medium
L100844,0.45056243530384266,0,current_balance,monitor,medium
L100844,0.47062137243547203,0,current_balance,monitor,medium
L100844,0.5529143763860893,0,current_balance,review,medium
L100844,0.5071741348533092,0,current_balance,review,medium
L100844,0.5380579531671585,0,current_balance,review,medium
L100844,0.5373547485765671,0,current_balance,review,medium
L100844,0.5119167043434301,0,current_balance,review,medium
L100844,0.49638946291736297,0,current_balance,monitor,medium
L100844,0.5121492332920394,0,current_balance,review,medium
L100844,0.4833817340619405,0,current_balance,monitor,medium
L100844,0.4989185259801274,0,current_balance,monitor,medium
L100844,0.40456972031529564,0,current_balance,monitor,medium
L100846,0.41078601484061017,0,current_balance,monitor,medium
L100846,0.40441821413748597,0,current_balance,monitor,medium
L100846,0.4127599528909072,0,current_balance,monitor,medium
L100846,0.40453303812049696,0,current_balance,monitor,medium
L100846,0.36988839901860243,0,current_balance,monitor,medium
L100846,0.3825667406700423,0,current_balance,monitor,medium
L100846,0.3736446592519618,0,current_balance,monitor,medium
L100846,0.37745515842194455,0,current_balance,monitor,medium
L100846,0.4140235936933271,0,current_balance,monitor,medium
L100846,0.42834667875239485,0,current_balance,monitor,medium
L100846,0.4316132982040972,0,current_balance,monitor,medium
L100846,0.40236493074761837,0,current_balance,monitor,medium
L100847,0.4242965483159898,0,current_balance,monitor,medium
L100847,0.4304191364973952,0,current_balance,monitor,medium
L100847,0.17284852025025782,0,current_balance,monitor,low
L100850,0.4207545309934856,1,current_balance,monitor,medium
L100864,0.46063252384104963,0,current_balance,monitor,medium
L100864,0.4773604016908214,0,current_balance,monitor,medium
L100864,0.5275921269441087,0,current_balance,review,medium
L100864,0.48721184497504266,0,current_balance,monitor,medium
L100864,0.49620555059892474,0,current_balance,monitor,medium
L100864,0.5325359833702384,0,current_balance,review,medium
L100864,0.4822236187149522,0,current_balance,monitor,medium
L100864,0.5221898239654916,0,current_balance,review,medium
L100864,0.4209363632950404,1,current_balance,monitor,medium
L100864,0.40336467172725476,0,current_balance,monitor,medium
L100864,0.407976643004232,0,current_balance,monitor,medium
L100864,0.35851613797422177,1,current_balance,monitor,medium
L100865,0.5431958465090126,0,current_balance,review,medium
L100865,0.4970447354831375,0,current_balance,monitor,medium
L100865,0.5161962995843337,0,current_balance,review,medium
L100865,0.5195792984430558,0,current_balance,review,medium
L100865,0.5052460458478486,0,current_balance,review,medium
L100865,0.5297432287823373,0,current_balance,review,medium
L100865,0.5256318694872908,0,current_balance,review,medium
L100865,0.5251440044024007,0,current_balance,review,medium
L100865,0.10597681492852346,0,current_balance,monitor,low
L100873,0.5202384184688866,0,current_balance,review,medium
L100873,0.5218406656335477,0,current_balance,review,medium
L100873,0.517813009692265,0,current_balance,review,medium
L100873,0.5425378551213539,0,current_balance,review,medium
L100873,0.38170838722164935,0,current_balance,monitor,medium
L100873,0.35906263965140356,0,current_balance,monitor,medium
L100873,0.3571565217673948,0,current_balance,monitor,medium
L100873,0.3637654475403913,0,current_balance,monitor,medium
L100873,0.38017958978360317,0,current_balance,monitor,medium
L100873,0.37206824820070195,0,current_balance,monitor,medium
L100873,0.38442666523272156,0,current_balance,monitor,medium
L100873,0.3266920085263931,0,current_balance,monitor,medium
L100896,0.4783417026703018,0,current_balance,monitor,medium
L100896,0.5154044233347048,0,current_balance,review,medium
L100896,0.5237086153652761,0,current_balance,review,medium
L100896,0.510929883199562,0,current_balance,review,medium
L100896,0.5064315443382484,0,current_balance,review,medium
L100896,0.5028483839019393,0,current_balance,review,medium
L100896,0.49237071037728186,0,current_balance,monitor,medium
L100896,0.48920526395227093,0,current_balance,monitor,medium
L100896,0.48976395047989124,0,current_balance,monitor,medium
L100896,0.4961074911445479,0,current_balance,monitor,medium
L100896,0.47051486460818,0,current_balance,monitor,medium
L100896,0.45814174308068545,0,current_balance,monitor,medium
L100904,0.08495318906784206,0,current_balance,monitor,low
L100908,0.38026273925627135,0,current_balance,monitor,medium
L100908,0.3683502097325959,0,current_balance,monitor,medium
L100908,0.38698524660837885,0,current_balance,monitor,medium
L100908,0.3659199161147281,0,current_balance,monitor,medium
L100908,0.386371316106794,0,current_balance,monitor,medium
L100908,0.38337806613360337,0,current_balance,monitor,medium
L100908,0.3677169348128734,0,current_balance,monitor,medium
L100908,0.36804726047616043,0,current_balance,monitor,medium
L100908,0.36656492671724694,0,current_balance,monitor,medium
L100908,0.3710625715602376,0,current_balance,monitor,medium
L100908,0.3683255305767711,0,current_balance,monitor,medium
L100908,0.3117836515704418,1,current_balance,monitor,medium
L100910,0.5141463449315222,0,current_balance,review,medium
L100910,0.5320446103227683,0,current_balance,review,medium
L100910,0.49461713833630766,0,current_balance,monitor,medium
L100910,0.4935212534985275,0,current_balance,monitor,medium
L100910,0.5085397309232554,0,current_balance,review,medium
L100910,0.5000048936449532,0,current_balance,review,medium
L100910,0.49489781450425857,0,current_balance,monitor,medium
L100910,0.5028591090054838,0,current_balance,review,medium
L100910,0.5148284810282499,0,current_balance,review,medium
L100910,0.494459064318902,0,current_balance,monitor,medium
L100910,0.48473387133463897,0,current_balance,monitor,medium
L100910,0.4588121117788879,0,current_balance,monitor,medium
L100911,0.27516212905941556,0,current_balance,monitor,low
L100911,0.2450085108639102,0,current_balance,monitor,low
L100911,0.2560781576249285,0,current_balance,monitor,low
L100911,0.2519141009496451,0,current_balance,monitor,low
L100911,0.2512359993188403,0,current_balance,monitor,low
L100911,0.24490026826929248,0,current_balance,monitor,low
L100911,0.27417564307801123,0,current_balance,monitor,low
L100911,0.2780089950802039,0,current_balance,monitor,low
L100911,0.2661630169221124,0,current_balance,monitor,low
L100911,0.2495838577927342,0,current_balance,monitor,low
L100911,0.2532518312494646,0,current_balance,monitor,low
L100911,0.19086303389367212,1,current_balance,monitor,low
L100914,0.4377490749996942,0,current_balance,monitor,medium
L100914,0.47930811563233433,0,current_balance,monitor,medium
L100914,0.450667882330637,0,current_balance,monitor,medium
L100914,0.46216236984752274,0,current_balance,monitor,medium
L100914,0.47161221276754106,0,current_balance,monitor,medium
L100914,0.43127418796705563,0,current_balance,monitor,medium
L100914,0.45552791359392314,0,current_balance,monitor,medium
L100914,0.4867292177590585,0,current_balance,monitor,medium
L100914,0.4859569421515006,0,current_balance,monitor,medium
L100914,0.4920810156803161,0,current_balance,monitor,medium
L100914,0.5023929057092227,0,current_balance,review,medium
L100914,0.4469547985070217,0,current_balance,monitor,medium
L100916,0.3329598877099812,0,current_balance,monitor,medium
L100916,0.3660808416344451,0,current_balance,monitor,medium
L100916,0.39724609038143655,0,current_balance,monitor,medium
L100916,0.33586454364954543,1,current_balance,monitor,medium
L100917,0.3942736849010548,0,current_balance,monitor,medium
L100917,0.3637554541208722,0,current_balance,monitor,medium
L100917,0.3773935062120409,0,current_balance,monitor,medium
L100917,0.31668415775460884,0,current_balance,monitor,medium
L100917,0.3492557846424515,0,current_balance,monitor,medium
L100917,0.31299958572732256,0,current_balance,monitor,medium
L100917,0.2919546839832758,0,current_balance,monitor,low
L100917,0.2921872024727687,0,current_balance,monitor,low
L100917,0.34294414268096607,0,current_balance,monitor,medium
L100917,0.3442322343982053,0,current_balance,monitor,medium
L100917,0.36550394820020604,0,current_balance,monitor,medium
L100917,0.29869559970393506,0,current_balance,monitor,low
L100919,0.4783639340637573,0,current_balance,monitor,medium
L100919,0.5500858726814736,0,current_balance,review,medium
L100919,0.5461187349992245,0,current_balance,review,medium
L100919,0.5170543391719312,0,current_balance,review,medium
L100919,0.45944815163465585,0,current_balance,monitor,medium
L100919,0.5184168381609627,0,current_balance,review,medium
L100919,0.4016188622223105,0,current_balance,monitor,medium
L100919,0.41628824464814485,0,current_balance,monitor,medium
L100919,0.40771978816287896,0,current_balance,monitor,medium
L100919,0.4135224607890441,0,current_balance,monitor,medium
L100919,0.45124763359572584,0,current_balance,monitor,medium
L100919,0.36185218875330294,0,current_balance,monitor,medium
L100923,0.3318663499819642,0,current_balance,monitor,medium
L100923,0.3399260442302859,0,current_balance,monitor,medium
L100923,0.37420416690532904,0,current_balance,monitor,medium
L100923,0.38805292114270756,0,current_balance,monitor,medium
L100923,0.346327641885636,0,current_balance,monitor,medium
L100923,0.3520310681441,0,current_balance,monitor,medium
L100923,0.3351238185599156,0,current_balance,monitor,medium
L100923,0.3268233930261609,0,current_balance,monitor,medium
L100923,0.36458922143395145,0,current_balance,monitor,medium
L100923,0.32557860822465096,0,current_balance,monitor,medium
L100923,0.3247028221130997,0,current_balance,monitor,medium
L100923,0.36595344695503856,0,current_balance,monitor,medium
L100931,0.3533935982035245,0,current_balance,monitor,medium
L100931,0.3799558105875402,0,current_balance,monitor,medium
L100931,0.37860088008056086,0,current_balance,monitor,medium
L100931,0.14406975021139728,0,current_balance,monitor,low
L100932,0.39074220020055395,0,current_balance,monitor,medium
L100932,0.3962384940476242,0,current_balance,monitor,medium
L100932,0.4341603975799751,0,current_balance,monitor,medium
L100932,0.38705102699283805,0,current_balance,monitor,medium
L100932,0.41281555380932217,0,current_balance,monitor,medium
L100932,0.3954683637475281,0,current_balance,monitor,medium
L100932,0.3977849776603387,0,current_balance,monitor,medium
L100932,0.3889805321518864,0,current_balance,monitor,medium
L100932,0.3846142822642353,0,current_balance,monitor,medium
L100932,0.37396458308940617,0,current_balance,monitor,medium
L100932,0.340760657256115,0,current_balance,monitor,medium
L100932,0.3255849143112231,0,current_balance,monitor,medium
L100938,0.3360160767710711,0,current_balance,monitor,medium
L100938,0.30252732243873964,0,current_balance,monitor,medium
L100940,0.5498310284095351,0,current_balance,review,medium
L100940,0.5543461136237169,0,current_balance,review,medium
L100940,0.5407563375093261,0,current_balance,review,medium
L100940,0.5423443523709277,0,current_balance,review,medium
L100940,0.542870046031386,0,current_balance,review,medium
L100940,0.5313535296653551,0,current_balance,review,medium
L100940,0.5167313488709453,0,current_balance,review,medium
L100940,0.5125520675714411,0,current_balance,review,medium
L100940,0.5203806637707374,0,current_balance,review,medium
L100940,0.5108981015047646,0,current_balance,review,medium
L100940,0.4932272895358985,0,current_balance,monitor,medium
L100940,0.42773229886806957,0,current_balance,monitor,medium
L100942,0.5076162271478138,0,current_balance,review,medium
L100942,0.5133384707852798,0,current_balance,review,medium
L100942,0.5269857957911913,0,current_balance,review,medium
L100942,0.5289797988570274,0,current_balance,review,medium
L100942,0.537044267912857,0,current_balance,review,medium
L100942,0.51078101429996,0,current_balance,review,medium
L100942,0.5047215590552525,0,current_balance,review,medium
L100942,0.5009082939181122,0,current_balance,review,medium
L100942,0.4993030354614572,0,current_balance,monitor,medium
L100942,0.48624047799299086,0,current_balance,monitor,medium
L100942,0.4656599952633208,0,current_balance,monitor,medium
L100942,0.4594880781418638,0,current_balance,monitor,medium
L100944,0.4082168605056951,0,current_balance,monitor,medium
L100944,0.4394424867347005,0,current_balance,monitor,medium
L100944,0.43991932759263597,0,current_balance,monitor,medium
L100944,0.4383432205367982,0,current_balance,monitor,medium
L100944,0.42661036868230917,0,current_balance,monitor,medium
L100944,0.39863888581600954,0,current_balance,monitor,medium
L100944,0.38095670899795786,0,current_balance,monitor,medium
L100944,0.3812637228290097,0,current_balance,monitor,medium
L100944,0.42684417231432337,0,current_balance,monitor,medium
L100944,0.41875660233083223,0,current_balance,monitor,medium
L100944,0.4056728807743014,0,current_balance,monitor,medium
L100944,0.38136745180562037,0,current_balance,monitor,medium
L100949,0.2913424828544435,1,current_balance,monitor,low
L100958,0.40608438281083964,0,current_balance,monitor,medium
L100958,0.368625427631221,0,current_balance,monitor,medium
L100958,0.3955982935881797,0,current_balance,monitor,medium
L100958,0.37732498834575595,0,current_balance,monitor,medium
L100958,0.37249366648915244,0,current_balance,monitor,medium
L100958,0.3429187634181248,0,current_balance,monitor,medium
L100958,0.3643929111882322,0,current_balance,monitor,medium
L100958,0.3978722528651605,0,current_balance,monitor,medium
L100958,0.40040343310870563,0,current_balance,monitor,medium
L100958,0.36267647986581886,0,current_balance,monitor,medium
L100958,0.36979806948350485,0,current_balance,monitor,medium
L100958,0.3055764363917158,0,current_balance,monitor,medium
L100965,0.29840302172080885,0,current_balance,monitor,low
L100965,0.2902610635522212,0,current_balance,monitor,low
L100965,0.3435389944502342,0,current_balance,monitor,medium
L100965,0.329424321859086,0,current_balance,monitor,medium
L100965,0.33023251521774966,0,current_balance,monitor,medium
L100965,0.32024716433881045,0,current_balance,monitor,medium
L100965,0.3591966477363868,0,current_balance,monitor,medium
L100965,0.33729528251867047,0,current_balance,monitor,medium
L100965,0.40702741919764207,0,current_balance,monitor,medium
L100965,0.43316672474281864,0,current_balance,monitor,medium
L100965,0.44244690377598045,0,current_balance,monitor,medium
L100965,0.3448995023646493,0,current_balance,monitor,medium
L100966,0.38779342946252954,0,current_balance,monitor,medium
L100966,0.4065749111703594,0,current_balance,monitor,medium
L100966,0.38329809447185087,0,current_balance,monitor,medium
L100966,0.3851323569888174,0,current_balance,monitor,medium
L100966,0.3823306339208468,0,current_balance,monitor,medium
L100966,0.3449018146310423,0,current_balance,monitor,medium
L100966,0.4336206527366042,0,current_balance,monitor,medium
L100966,0.4238587603531212,0,current_balance,monitor,medium
L100966,0.354690809808901,0,current_balance,monitor,medium
L100966,0.37233198189702527,0,current_balance,monitor,medium
L100966,0.37441928425376253,0,current_balance,monitor,medium
L100966,0.38819177245672987,0,current_balance,monitor,medium
L100973,0.6020755847828807,0,current_balance,review,medium
L100973,0.5648073181639969,0,current_balance,review,medium
L100973,0.10061662984613548,0,current_balance,monitor,low
L100979,0.48056045120027213,0,current_balance,monitor,medium
L100979,0.4996093955828565,0,current_balance,monitor,medium
L100979,0.43558248100143215,0,current_balance,monitor,medium
L100979,0.4471948748846223,0,current_balance,monitor,medium
L100979,0.472367693966252,0,current_balance,monitor,medium
L100979,0.48960572571672906,0,current_balance,monitor,medium
L100979,0.49199747556059087,0,current_balance,monitor,medium
L100979,0.4573595251339444,0,current_balance,monitor,medium
L100979,0.45932730110415965,0,current_balance,monitor,medium
L100979,0.4570286562471736,0,current_balance,monitor,medium
L100979,0.43025172087541996,0,current_balance,monitor,medium
L100979,0.43041907969369253,0,current_balance,monitor,medium
L100987,0.3247824421971466,0,current_balance,monitor,medium
L100987,0.3685529244596408,0,current_balance,monitor,medium
L100987,0.33422948802697455,0,current_balance,monitor,medium
L100987,0.3105986569883034,0,current_balance,monitor,medium
L100987,0.3224188483728565,0,current_balance,monitor,medium
L100987,0.25825992895472305,0,current_balance,monitor,low
L100987,0.28177953502206,0,current_balance,monitor,low
L100987,0.31568343835698554,0,current_balance,monitor,medium
L100987,0.4301129685115288,0,current_balance,monitor,medium
L100987,0.43853878021194026,0,current_balance,monitor,medium
L100987,0.33888089827151974,0,current_balance,monitor,medium
L100987,0.3029023490567727,0,current_balance,monitor,medium
L100988,0.31544804452476166,0,current_balance,monitor,medium
L100988,0.32014036136351315,0,current_balance,monitor,medium
L100988,0.3636620398737956,1,current_balance,monitor,medium
L100988,0.3436548101697178,0,current_balance,monitor,medium
L100988,0.34436464776031683,0,current_balance,monitor,medium
L100988,0.3688837815005733,0,current_balance,monitor,medium
L100988,0.3731597857615692,0,current_balance,monitor,medium
L100988,0.346491664800149,0,current_balance,monitor,medium
L100988,0.3859509485555535,0,current_balance,monitor,medium
L100988,0.3481674795863618,0,current_balance,monitor,medium
L100988,0.35995812407628514,0,current_balance,monitor,medium
L100988,0.2891409902891755,0,current_balance,monitor,low
L100989,0.4807131843751784,0,current_balance,monitor,medium
L100989,0.3827430143602841,0,current_balance,monitor,medium
L100989,0.4080214725679223,0,current_balance,monitor,medium
L100989,0.3490923784093912,0,current_balance,monitor,medium
L100989,0.4275591779477631,0,current_balance,monitor,medium
L100989,0.42953737677707077,0,current_balance,monitor,medium
L100989,0.3479481294359788,0,current_balance,monitor,medium
L100989,0.3470997733556049,0,current_balance,monitor,medium
L100989,0.36558400794297696,0,current_balance,monitor,medium
L100989,0.44990018987876546,0,current_balance,monitor,medium
L100989,0.40803156640170835,0,current_balance,monitor,medium
L100989,0.3321241157752577,0,current_balance,monitor,medium
L100991,0.5151792757162287,0,current_balance,review,medium
L100991,0.524343576147292,0,current_balance,review,medium
L100991,0.5513027955308758,0,current_balance,review,medium
L100991,0.5478213641823139,0,current_balance,review,medium
L100991,0.5416663039767297,0,current_balance,review,medium
L100991,0.5153620529777236,0,current_balance,review,medium
L100991,0.5195242407098047,0,current_balance,review,medium
L100991,0.5263063345026946,0,current_balance,review,medium
L100991,0.5145226463563343,0,current_balance,review,medium
L100991,0.09318238209607023,0,current_balance,monitor,low
L100994,0.41064761772002856,0,current_balance,monitor,medium
L100994,0.5337611548791669,0,current_balance,review,medium
L100994,0.4040520810914985,0,current_balance,monitor,medium
L100994,0.4278209225629544,0,current_balance,monitor,medium
L100994,0.4196613226730094,0,current_balance,monitor,medium
L100994,0.41602562807621757,0,current_balance,monitor,medium
L100994,0.5136351776388463,0,current_balance,review,medium
L100994,0.39354731572466783,0,current_balance,monitor,medium
L100994,0.535939421256529,0,current_balance,review,medium
L100994,0.3857788222087508,0,current_balance,monitor,medium
L100994,0.37607555148686234,0,current_balance,monitor,medium
L100994,0.345480640013231,0,current_balance,monitor,medium
L101000,0.4035003348596031,0,current_balance,monitor,medium
L101000,0.4018945242390231,0,current_balance,monitor,medium
L101000,0.42653065117376804,0,current_balance,monitor,medium
L101000,0.4076187657021196,0,current_balance,monitor,medium
L101000,0.4094641924775374,0,current_balance,monitor,medium
L101000,0.23518711291824645,1,current_balance,monitor,low
L101001,0.4100773788402079,0,current_balance,monitor,medium
L101001,0.4754081842565452,0,current_balance,monitor,medium
L101001,0.4957062275325345,0,current_balance,monitor,medium
L101001,0.40980080275512853,1,current_balance,monitor,medium
L101001,0.4006266075043539,0,current_balance,monitor,medium
L101001,0.42302040993353984,0,current_balance,monitor,medium
L101001,0.482676592814334,0,current_balance,monitor,medium
L101001,0.44721506004274025,0,current_balance,monitor,medium
L101001,0.5632089544117121,0,current_balance,review,medium
L101001,0.4663620681143722,0,current_balance,monitor,medium
L101001,0.4348865488367009,0,current_balance,monitor,medium
L101001,0.3738658451456057,0,current_balance,monitor,medium
L101003,0.3418147859749826,1,current_balance,monitor,medium
L101003,0.45104062901580655,0,current_balance,monitor,medium
L101003,0.4924827062756206,0,current_balance,monitor,medium
L101003,0.43288062595553223,1,current_balance,monitor,medium
L101003,0.4482504201789107,0,current_balance,monitor,medium
L101003,0.46506821579773044,0,current_balance,monitor,medium
L101003,0.5176719364060349,0,current_balance,review,medium
L101003,0.4813305051533074,0,current_balance,monitor,medium
L101003,0.4709902614891459,0,current_balance,monitor,medium
L101003,0.47967334007762824,0,current_balance,monitor,medium
L101003,0.4354790586319123,0,current_balance,monitor,medium
L101003,0.3954926630672132,0,current_balance,monitor,medium
L101004,0.3990806320689329,0,current_balance,monitor,medium
L101004,0.38577120341594523,0,current_balance,monitor,medium
L101004,0.3626065436118655,0,current_balance,monitor,medium
L101004,0.3479180888992164,0,current_balance,monitor,medium
L101004,0.37760466543965454,0,current_balance,monitor,medium
L101004,0.3383666085401613,0,current_balance,monitor,medium
L101004,0.33566218999031056,0,current_balance,monitor,medium
L101004,0.331543237655989,0,current_balance,monitor,medium
L101004,0.35502383080593064,0,current_balance,monitor,medium
L101004,0.3406089244547189,0,current_balance,monitor,medium
L101004,0.3230074737286607,0,current_balance,monitor,medium
L101004,0.2814951292852025,0,current_balance,monitor,low
L101006,0.42682631267586196,0,current_balance,monitor,medium
L101006,0.44594336014249264,0,current_balance,monitor,medium
L101006,0.43890819970160605,0,current_balance,monitor,medium
L101006,0.4038453070608103,0,current_balance,monitor,medium
L101006,0.4677235262850353,0,current_balance,monitor,medium
L101006,0.46441127419852185,0,current_balance,monitor,medium
L101006,0.40773990039589464,0,current_balance,monitor,medium
L101006,0.449930657851972,0,current_balance,monitor,medium
L101006,0.4475786399170192,0,current_balance,monitor,medium
L101006,0.4674704809379645,0,current_balance,monitor,medium
L101006,0.44817230088767673,0,current_balance,monitor,medium
L101006,0.3651033340240862,1,current_balance,monitor,medium
L101007,0.5016575945796389,0,current_balance,review,medium
L101007,0.5167617585098366,0,current_balance,review,medium
L101007,0.5189948573241547,0,current_balance,review,medium
L101007,0.49449301821915426,0,current_balance,monitor,medium
L101007,0.5066814554036927,0,current_balance,review,medium
L101007,0.5141742983105738,0,current_balance,review,medium
L101007,0.49183156186833543,0,current_balance,monitor,medium
L101007,0.5022921236283278,0,current_balance,review,medium
L101007,0.4941235307035531,0,current_balance,monitor,medium
L101007,0.46924837575581707,0,current_balance,monitor,medium
L101007,0.44763735766320983,0,current_balance,monitor,medium
L101007,0.40157522831613823,0,current_balance,monitor,medium
L101009,0.40513179691141127,0,current_balance,monitor,medium
L101009,0.17284843231438068,0,current_balance,monitor,low
L101019,0.4257514168561366,0,current_balance,monitor,medium
L101019,0.4503965575697228,0,current_balance,monitor,medium
L101019,0.3959869693817915,0,current_balance,monitor,medium
L101019,0.4071442506280746,0,current_balance,monitor,medium
L101019,0.39808045997388064,0,current_balance,monitor,medium
L101019,0.41097837382463254,0,current_balance,monitor,medium
L101019,0.4109637519262014,0,current_balance,monitor,medium
L101019,0.3819688023218146,0,current_balance,monitor,medium
L101019,0.41669558425111575,0,current_balance,monitor,medium
L101019,0.3794595142812073,0,current_balance,monitor,medium
L101019,0.38306193189201543,0,current_balance,monitor,medium
L101019,0.33135263157684164,0,current_balance,monitor,medium
L101029,0.3378988451184823,0,current_balance,monitor,medium
L101029,0.31538808012847935,0,current_balance,monitor,medium
L101029,0.34333955181180414,0,current_balance,monitor,medium
L101029,0.3311177961864217,0,current_balance,monitor,medium
L101029,0.35383729402307884,0,current_balance,monitor,medium
L101029,0.35431782748432766,0,current_balance,monitor,medium
L101029,0.3427026136190877,0,current_balance,monitor,medium
L101029,0.37267226745084464,0,current_balance,monitor,medium
L101029,0.3740957124283042,0,current_balance,monitor,medium
L101029,0.3656582912762222,0,current_balance,monitor,medium
L101029,0.4045695906677734,0,current_balance,monitor,medium
L101029,0.35126400088719806,0,current_balance,monitor,medium
L101030,0.4252899167998593,0,current_balance,monitor,medium
L101030,0.48114575105970575,0,current_balance,monitor,medium
L101030,0.46073537217288346,0,current_balance,monitor,medium
L101030,0.44850483901420224,0,current_balance,monitor,medium
L101030,0.46995280755144475,0,current_balance,monitor,medium
L101030,0.48177733995990374,0,current_balance,monitor,medium
L101030,0.4636488153562412,0,current_balance,monitor,medium
L101030,0.3897360035142983,1,current_balance,monitor,medium
L101030,0.41201532862779766,1,current_balance,monitor,medium
L101030,0.39529318485581016,0,current_balance,monitor,medium
L101030,0.4444021519016855,0,current_balance,monitor,medium
L101030,0.35970219419028043,0,current_balance,monitor,medium
L101032,0.5164999377870353,0,current_balance,review,medium
L101032,0.5212103203866847,0,current_balance,review,medium
L101032,0.45980607607382495,0,current_balance,monitor,medium
L101032,0.47857226531123653,0,current_balance,monitor,medium
L101032,0.49894489003389725,0,current_balance,monitor,medium
L101032,0.5121216307532047,0,current_balance,review,medium
L101032,0.48461568361137664,0,current_balance,monitor,medium
L101032,0.5189895595922256,0,current_balance,review,medium
L101032,0.5016534830967678,0,current_balance,review,medium
L101032,0.5350525323123105,0,current_balance,review,medium
L101032,0.5143879159709546,0,current_balance,review,medium
L101032,0.40882387958866107,0,current_balance,monitor,medium
L101036,0.503903460688359,0,current_balance,review,medium
L101036,0.5097327223663303,0,current_balance,review,medium
L101036,0.5158292320799821,0,current_balance,review,medium
L101036,0.4776921875541602,0,current_balance,monitor,medium
L101036,0.4880782444600865,0,current_balance,monitor,medium
L101036,0.4920051493753879,0,current_balance,monitor,medium
L101036,0.46202522237655386,0,current_balance,monitor,medium
L101036,0.44988922933847747,0,current_balance,monitor,medium
L101036,0.4728191166704767,0,current_balance,monitor,medium
L101036,0.4945261108875021,0,current_balance,monitor,medium
L101036,0.45910501488579186,0,current_balance,monitor,medium
L101036,0.4308911840276981,0,current_balance,monitor,medium
L101040,0.5153699531564699,0,current_balance,review,medium
L101040,0.5359475697583285,0,current_balance,review,medium
L101040,0.52982594913323,0,current_balance,review,medium
L101040,0.5327719296386931,0,current_balance,review,medium
L101040,0.5440049072257892,0,current_balance,review,medium
L101040,0.5363416275069322,0,current_balance,review,medium
L101040,0.5323090490193078,0,current_balance,review,medium
L101040,0.5218074435098048,0,current_balance,review,medium
L101040,0.5239371622310268,0,current_balance,review,medium
L101040,0.5086685694956958,0,current_balance,review,medium
L101040,0.4870235569594744,0,current_balance,monitor,medium
L101040,0.4266302981314769,0,current_balance,monitor,medium
L101043,0.3403738036360719,0,current_balance,monitor,medium
L101043,0.3384956389362108,0,current_balance,monitor,medium
L101043,0.358178084660426,0,current_balance,monitor,medium
L101043,0.36273591639909325,0,current_balance,monitor,medium
L101043,0.35082139166953286,0,current_balance,monitor,medium
L101043,0.3923625881455969,0,current_balance,monitor,medium
L101043,0.3659571126112033,0,current_balance,monitor,medium
L101043,0.36614800165918077,0,current_balance,monitor,medium
L101043,0.36964793509550953,0,current_balance,monitor,medium
L101043,0.41406257313852507,0,current_balance,monitor,medium
L101043,0.35079076126416475,0,current_balance,monitor,medium
L101043,0.3179539161917424,0,current_balance,monitor,medium
L101057,0.2909871067073362,0,current_balance,monitor,low
L101057,0.36067602355301787,0,current_balance,monitor,medium
L101057,0.2896923532799764,0,current_balance,monitor,low
L101057,0.37275613187748113,0,current_balance,monitor,medium
L101057,0.1427184241989585,0,current_balance,monitor,low
L101059,0.4056225488364791,0,current_balance,monitor,medium
L101059,0.3985161569648485,0,current_balance,monitor,medium
L101059,0.3869123638736611,0,current_balance,monitor,medium
L101059,0.3769939602578085,0,current_balance,monitor,medium
L101059,0.3928619911988398,0,current_balance,monitor,medium
L101059,0.3581177531217054,0,current_balance,monitor,medium
L101059,0.35988446099917426,0,current_balance,monitor,medium
L101059,0.355225387188233,0,current_balance,monitor,medium
L101059,0.40321827581540354,0,current_balance,monitor,medium
L101059,0.40953348881568596,0,current_balance,monitor,medium
L101059,0.335948630733589,0,current_balance,monitor,medium
L101059,0.2893202750255679,0,current_balance,monitor,low
L101060,0.35337276684986557,0,current_balance,monitor,medium
L101060,0.32124456833743636,0,current_balance,monitor,medium
L101060,0.35920313445817625,0,current_balance,monitor,medium
L101060,0.328621016554382,0,current_balance,monitor,medium
L101060,0.3264245486661659,0,current_balance,monitor,medium
L101060,0.31774640694604694,0,current_balance,monitor,medium
L101060,0.3350755996288188,0,current_balance,monitor,medium
L101060,0.31078055224136836,0,current_balance,monitor,medium
L101060,0.36749323080142304,0,current_balance,monitor,medium
L101060,0.3625742595824837,0,current_balance,monitor,medium
L101060,0.3419117114659894,0,current_balance,monitor,medium
L101060,0.3412534691988327,0,current_balance,monitor,medium
L101066,0.4996907838352393,0,current_balance,monitor,medium
L101066,0.5117065461517274,0,current_balance,review,medium
L101066,0.4946649426885774,0,current_balance,monitor,medium
L101066,0.4992621711363374,0,current_balance,monitor,medium
L101066,0.5039135348149264,0,current_balance,review,medium
L101066,0.5156437834403732,0,current_balance,review,medium
L101066,0.5155356310078686,0,current_balance,review,medium
L101066,0.528603962031912,0,current_balance,review,medium
L101066,0.5276510806039091,0,current_balance,review,medium
L101066,0.5354893135296218,0,current_balance,review,medium
L101066,0.5325333741505737,0,current_balance,review,medium
L101066,0.4270604526011027,0,current_balance,monitor,medium
L101068,0.4992383636185669,0,current_balance,monitor,medium
L101068,0.49575645213242586,0,current_balance,monitor,medium
L101068,0.4867362281688521,0,current_balance,monitor,medium
L101068,0.496853364584515,0,current_balance,monitor,medium
L101068,0.48593779774570983,0,current_balance,monitor,medium
L101068,0.4887201909164746,0,current_balance,monitor,medium
L101068,0.5067657655172244,0,current_balance,review,medium
L101068,0.500204259797311,0,current_balance,review,medium
L101068,0.5050800593054151,0,current_balance,review,medium
L101068,0.5148184335745504,0,current_balance,review,medium
L101068,0.48281519189605837,0,current_balance,monitor,medium
L101068,0.4204676587706971,0,current_balance,monitor,medium
L101091,0.4357373313511228,0,current_balance,monitor,medium
L101091,0.5022026983926104,0,current_balance,review,medium
L101091,0.45297314473351835,0,current_balance,monitor,medium
L101091,0.5022844276833102,0,current_balance,review,medium
L101091,0.4979109289815906,0,current_balance,monitor,medium
L101091,0.4226700322849178,0,current_balance,monitor,medium
L101091,0.48460632274602333,0,current_balance,monitor,medium
L101091,0.43152968652943563,0,current_balance,monitor,medium
L101091,0.4228793181756796,0,current_balance,monitor,medium
L101091,0.4117894816893857,0,current_balance,monitor,medium
L101091,0.39769764790437817,0,current_balance,monitor,medium
L101091,0.42869713370550266,0,current_balance,monitor,medium
L101092,0.41059363094164936,0,current_balance,monitor,medium
L101092,0.41505364405251355,0,current_balance,monitor,medium
L101092,0.41130013951023087,0,current_balance,monitor,medium
L101092,0.45570067052879787,0,current_balance,monitor,medium
L101092,0.42579593194271015,0,current_balance,monitor,medium
L101092,0.4244154565299281,0,current_balance,monitor,medium
L101092,0.43819748521961194,0,current_balance,monitor,medium
L101092,0.4624228499746523,0,current_balance,monitor,medium
L101092,0.46903282238703936,0,current_balance,monitor,medium
L101092,0.4489179186283891,0,current_balance,monitor,medium
L101092,0.4906401111367489,0,current_balance,monitor,medium
L101092,0.38581596118864003,0,current_balance,monitor,medium
L101096,0.5059826724359986,0,current_balance,review,medium
L101096,0.4909844351506796,0,current_balance,monitor,medium
L101096,0.501913235877546,0,current_balance,review,medium
L101096,0.10559438782284263,0,current_balance,monitor,low
L101099,0.41180121275015225,0,current_balance,monitor,medium
L101099,0.413957524952085,0,current_balance,monitor,medium
L101099,0.3986830246639715,0,current_balance,monitor,medium
L101099,0.43423408324605695,0,current_balance,monitor,medium
L101099,0.43750604043119345,0,current_balance,monitor,medium
L101099,0.42167871940607,0,current_balance,monitor,medium
L101099,0.42157323998828145,0,current_balance,monitor,medium
L101099,0.4203024484069466,0,current_balance,monitor,medium
L101099,0.4358885317078359,0,current_balance,monitor,medium
L101099,0.4134227512344079,0,current_balance,monitor,medium
L101099,0.35728110258018864,0,current_balance,monitor,medium
L101099,0.3981316503156361,0,current_balance,monitor,medium
L101100,0.37492337867084996,0,current_balance,monitor,medium
L101100,0.46751729395392966,0,current_balance,monitor,medium
L101100,0.4604806931912314,0,current_balance,monitor,medium
L101100,0.4314665085799676,0,current_balance,monitor,medium
L101100,0.4264218883834849,0,current_balance,monitor,medium
L101100,0.4267881243991329,0,current_balance,monitor,medium
L101100,0.48454302247547376,0,current_balance,monitor,medium
L101100,0.35634692691682346,0,current_balance,monitor,medium
L101100,0.4011638102896058,0,current_balance,monitor,medium
L101100,0.3839882881486721,0,current_balance,monitor,medium
L101100,0.3852450138461711,0,current_balance,monitor,medium
L101100,0.38021719213643557,0,current_balance,monitor,medium
L101101,0.36218080220073234,0,current_balance,monitor,medium
L101101,0.37778720654036285,0,current_balance,monitor,medium
L101101,0.40669868730745296,0,current_balance,monitor,medium
L101101,0.39730058944772517,0,current_balance,monitor,medium
L101101,0.4067256392274912,0,current_balance,monitor,medium
L101101,0.33300847302307596,0,current_balance,monitor,medium
L101101,0.3675773064342776,0,current_balance,monitor,medium
L101101,0.37546203435052056,0,current_balance,monitor,medium
L101101,0.3701762674445584,0,current_balance,monitor,medium
L101101,0.24252918996027883,1,current_balance,monitor,low
L101101,0.44122925330798596,0,current_balance,monitor,medium
L101101,0.4157887599457785,0,current_balance,monitor,medium
L101107,0.4120984507792549,0,current_balance,monitor,medium
L101107,0.41078343004669426,0,current_balance,monitor,medium
L101107,0.4036656087398973,0,current_balance,monitor,medium
L101107,0.38952683215706807,0,current_balance,monitor,medium
L101107,0.39703929536168725,0,current_balance,monitor,medium
L101107,0.35753737739724345,0,current_balance,monitor,medium
L101107,0.3588949469711398,0,current_balance,monitor,medium
L101107,0.35611094759875495,0,current_balance,monitor,medium
L101107,0.4228054111687422,0,current_balance,monitor,medium
L101107,0.40369293918796023,0,current_balance,monitor,medium
L101107,0.3585592537497439,0,current_balance,monitor,medium
L101107,0.38139796422459604,0,current_balance,monitor,medium
L101112,0.4105528354302709,0,current_balance,monitor,medium
L101112,0.4178190179093082,0,current_balance,monitor,medium
L101112,0.4050964163130093,0,current_balance,monitor,medium
L101112,0.41792415540739236,0,current_balance,monitor,medium
L101112,0.4218419206702207,0,current_balance,monitor,medium
L101112,0.42806080901881194,0,current_balance,monitor,medium
L101112,0.41568376482511904,0,current_balance,monitor,medium
L101112,0.40162308717119916,0,current_balance,monitor,medium
L101112,0.4380592556831487,0,current_balance,monitor,medium
L101112,0.4441164118357647,0,current_balance,monitor,medium
L101112,0.42190682382509836,0,current_balance,monitor,medium
L101112,0.3794862214654462,0,current_balance,monitor,medium
L101119,0.4777750211552412,0,current_balance,monitor,medium
L101119,0.5105216199044565,0,current_balance,review,medium
L101129,0.3837782724519304,0,current_balance,monitor,medium
L101129,0.387566501774624,0,current_balance,monitor,medium
L101129,0.3895508123158348,0,current_balance,monitor,medium
L101129,0.38455195229302175,0,current_balance,monitor,medium
L101129,0.38864762471488307,0,current_balance,monitor,medium
L101129,0.3629970679962831,0,current_balance,monitor,medium
L101129,0.36591855859539435,0,current_balance,monitor,medium
L101129,0.36145418952190106,0,current_balance,monitor,medium
L101129,0.3954657962091341,0,current_balance,monitor,medium
L101129,0.359601707345399,0,current_balance,monitor,medium
L101129,0.3599082828993015,0,current_balance,monitor,medium
L101129,0.32641308919038214,0,current_balance,monitor,medium
L101136,0.3068703081393878,0,current_balance,monitor,medium
L101136,0.33638091213127247,0,current_balance,monitor,medium
L101136,0.33923255374171185,0,current_balance,monitor,medium
L101136,0.3281221279053637,0,current_balance,monitor,medium
L101136,0.34649967046245317,0,current_balance,monitor,medium
L101136,0.30306086532186866,0,current_balance,monitor,medium
L101136,0.30048018148233135,0,current_balance,monitor,medium
L101136,0.3003766966591288,0,current_balance,monitor,medium
L101136,0.2960862563190458,0,current_balance,monitor,low
L101136,0.2810503493092795,0,current_balance,monitor,low
L101136,0.2672999280149638,0,current_balance,monitor,low
L101136,0.24133117591843123,0,current_balance,monitor,low
L101147,0.2985813057676349,0,current_balance,monitor,low
L101147,0.29462558762763796,0,current_balance,monitor,low
L101147,0.3308632263839376,0,current_balance,monitor,medium
L101147,0.27512190445485785,0,current_balance,monitor,low
L101147,0.09273115748451317,0,current_balance,monitor,low
L101154,0.41409002833442043,0,current_balance,monitor,medium
L101154,0.4131776187001087,0,current_balance,monitor,medium
L101154,0.40630179995859833,0,current_balance,monitor,medium
L101154,0.40250131021876373,0,current_balance,monitor,medium
L101154,0.430750198915304,0,current_balance,monitor,medium
L101154,0.28592975805811977,0,current_balance,monitor,low
L101154,0.26869608968623626,0,current_balance,monitor,low
L101154,0.2709309737574127,0,current_balance,monitor,low
L101154,0.28287224787819787,0,current_balance,monitor,low
L101154,0.2694093972946737,0,current_balance,monitor,low
L101154,0.23136665093446754,0,current_balance,monitor,low
L101154,0.23333629630788888,0,current_balance,monitor,low
L101155,0.5612935794249905,0,current_balance,review,medium
L101155,0.49355680099709637,1,current_balance,monitor,medium
L101161,0.2859503212742332,0,current_balance,monitor,low
L101161,0.3082100851679235,0,current_balance,monitor,medium
L101161,0.2963347251665508,0,current_balance,monitor,low
L101161,0.3017171587089038,0,current_balance,monitor,medium
L101161,0.29467502752932295,0,current_balance,monitor,low
L101161,0.29180027158392075,0,current_balance,monitor,low
L101161,0.29499000304578216,0,current_balance,monitor,low
L101161,0.22038705052275195,0,current_balance,monitor,low
L101161,0.31016338577256697,0,current_balance,monitor,medium
L101161,0.2535822890745643,0,current_balance,monitor,low
L101161,0.2609237155215994,0,current_balance,monitor,low
L101161,0.2741429060663574,0,current_balance,monitor,low
L101163,0.5443430816201933,0,current_balance,review,medium
L101163,0.5634869322184827,0,current_balance,review,medium
L101163,0.5500703669978431,0,current_balance,review,medium
L101163,0.4575706124297435,1,current_balance,monitor,medium
L101163,0.4644463740868617,0,current_balance,monitor,medium
L101163,0.504916928343641,0,current_balance,review,medium
L101163,0.5337137115961906,0,current_balance,review,medium
L101163,0.5690140213857682,0,current_balance,review,medium
L101163,0.5692720661307201,0,current_balance,review,medium
L101163,0.549365141062589,0,current_balance,review,medium
L101163,0.5323119307192995,0,current_balance,review,medium
L101163,0.4209014741870899,0,current_balance,monitor,medium
L101175,0.3729972225516076,0,current_balance,monitor,medium
L101175,0.3786637691599257,0,current_balance,monitor,medium
L101175,0.4293886448619961,0,current_balance,monitor,medium
L101175,0.41808134864105156,0,current_balance,monitor,medium
L101175,0.4212324386913934,0,current_balance,monitor,medium
L101175,0.3797800239224637,0,current_balance,monitor,medium
L101175,0.3744449948518314,0,current_balance,monitor,medium
L101175,0.401634664637928,0,current_balance,monitor,medium
L101175,0.4172394124289799,0,current_balance,monitor,medium
L101175,0.4345860491690818,0,current_balance,monitor,medium
L101175,0.4233596659346183,0,current_balance,monitor,medium
L101175,0.39073131551434676,0,current_balance,monitor,medium
L101176,0.3487990742672718,0,current_balance,monitor,medium
L101176,0.40477385565788004,0,current_balance,monitor,medium
L101176,0.34700332734788736,0,current_balance,monitor,medium
L101176,0.3354170094873484,0,current_balance,monitor,medium
L101176,0.33664368892687413,0,current_balance,monitor,medium
L101176,0.33020076412137156,0,current_balance,monitor,medium
L101176,0.35630953406041516,0,current_balance,monitor,medium
L101176,0.38250139776949915,0,current_balance,monitor,medium
L101176,0.37703245081500525,0,current_balance,monitor,medium
L101176,0.37675313710304253,0,current_balance,monitor,medium
L101176,0.37284922364835404,0,current_balance,monitor,medium
L101176,0.30662975983311275,0,current_balance,monitor,medium
L101181,0.09691492791029857,0,current_balance,monitor,low
L101184,0.36822077345843063,0,current_balance,monitor,medium
L101184,0.35608636985111536,0,current_balance,monitor,medium
L101184,0.394154446010287,0,current_balance,monitor,medium
L101184,0.3838378961556757,0,current_balance,monitor,medium
L101184,0.33533730682575824,0,current_balance,monitor,medium
L101184,0.3145379138223301,0,current_balance,monitor,medium
L101184,0.3227092980669778,0,current_balance,monitor,medium
L101184,0.29147428247601576,0,current_balance,monitor,low
L101184,0.3297416463280529,0,current_balance,monitor,medium
L101184,0.3275962677605285,0,current_balance,monitor,medium
L101184,0.36208054453499655,0,current_balance,monitor,medium
L101184,0.3375409685001557,0,current_balance,monitor,medium
L101185,0.3176660395809236,0,current_balance,monitor,medium
L101185,0.33265595169790985,0,current_balance,monitor,medium
L101185,0.28500403540863756,0,current_balance,monitor,low
L101185,0.3164472831912455,0,current_balance,monitor,medium
L101185,0.2946195250597029,0,current_balance,monitor,low
L101185,0.265622884747632,0,current_balance,monitor,low
L101185,0.28436707617970547,0,current_balance,monitor,low
L101185,0.2812913164628999,0,current_balance,monitor,low
L101185,0.28395753201948604,0,current_balance,monitor,low
L101185,0.2887294536103615,0,current_balance,monitor,low
L101185,0.28095221047705915,0,current_balance,monitor,low
L101185,0.2489685790101053,0,current_balance,monitor,low
L101191,0.4578584976265973,0,current_balance,monitor,medium
L101191,0.41635073561722974,0,current_balance,monitor,medium
L101191,0.4154233582314444,0,current_balance,monitor,medium
L101191,0.41882484572074447,0,current_balance,monitor,medium
L101191,0.4166112448445174,0,current_balance,monitor,medium
L101191,0.4140545228356342,0,current_balance,monitor,medium
L101191,0.4582871560108525,0,current_balance,monitor,medium
L101191,0.4652350749747978,0,current_balance,monitor,medium
L101191,0.08010161899641499,0,current_balance,monitor,low
L101204,0.3647431395724363,0,current_balance,monitor,medium
L101204,0.3805665340424561,0,current_balance,monitor,medium
L101204,0.34782040943969056,0,current_balance,monitor,medium
L101204,0.35291960805967904,0,current_balance,monitor,medium
L101204,0.36485962059801813,0,current_balance,monitor,medium
L101204,0.33312082293770123,0,current_balance,monitor,medium
L101204,0.30627253728472803,0,current_balance,monitor,medium
L101204,0.31491732359851105,0,current_balance,monitor,medium
L101204,0.3831508676947895,0,current_balance,monitor,medium
L101204,0.30327738763747913,0,current_balance,monitor,medium
L101204,0.37727269822837395,0,current_balance,monitor,medium
L101204,0.33375312230696585,0,current_balance,monitor,medium
L101207,0.4150288518672298,0,current_balance,monitor,medium
L101207,0.4410416380786131,0,current_balance,monitor,medium
L101207,0.42130587901682764,0,current_balance,monitor,medium
L101207,0.42649032262361125,0,current_balance,monitor,medium
L101207,0.4397739152323949,0,current_balance,monitor,medium
L101207,0.4175428368815044,0,current_balance,monitor,medium
L101207,0.4223522831207554,0,current_balance,monitor,medium
L101207,0.4278154442185106,0,current_balance,monitor,medium
L101207,0.44248180374346363,0,current_balance,monitor,medium
L101207,0.4380029020965048,0,current_balance,monitor,medium
L101207,0.44323396161553996,0,current_balance,monitor,medium
L101207,0.40784732824884434,0,current_balance,monitor,medium
L101209,0.5045104000926337,0,current_balance,review,medium
L101209,0.5186348942469065,0,current_balance,review,medium
L101209,0.5511509449150619,0,current_balance,review,medium
L101209,0.5433664172028076,0,current_balance,review,medium
L101209,0.5333182068277974,0,current_balance,review,medium
L101209,0.5033437671417835,0,current_balance,review,medium
L101209,0.5091071075411436,0,current_balance,review,medium
L101209,0.5130649768706378,0,current_balance,review,medium
L101209,0.5274041366606838,0,current_balance,review,medium
L101209,0.5263984857495706,0,current_balance,review,medium
L101209,0.5458887207331027,0,current_balance,review,medium
L101209,0.47221144415255173,0,current_balance,monitor,medium
L101213,0.33571284511303,0,current_balance,monitor,medium
L101213,0.3184907335259114,0,current_balance,monitor,medium
L101213,0.3417346652880906,0,current_balance,monitor,medium
L101213,0.32626088641195167,0,current_balance,monitor,medium
L101213,0.3197996539555218,0,current_balance,monitor,medium
L101213,0.22458862070761845,0,current_balance,monitor,low
L101213,0.20148147766231633,0,current_balance,monitor,low
L101213,0.22874325545952548,0,current_balance,monitor,low
L101213,0.210114537644054,0,current_balance,monitor,low
L101213,0.19749176724549092,0,current_balance,monitor,low
L101213,0.20460803983051587,0,current_balance,monitor,low
L101213,0.19190829695425343,0,current_balance,monitor,low
L101214,0.5361416816246457,0,current_balance,review,medium
L101214,0.5337716775264864,1,current_balance,review,medium
L101219,0.45978126986608925,0,current_balance,monitor,medium
L101219,0.4634984727793773,0,current_balance,monitor,medium
L101219,0.467488007485831,0,current_balance,monitor,medium
L101219,0.46535354505683785,0,current_balance,monitor,medium
L101219,0.48995899874168297,0,current_balance,monitor,medium
L101219,0.4941295773000641,0,current_balance,monitor,medium
L101219,0.49529154828212396,0,current_balance,monitor,medium
L101219,0.5054964071794952,0,current_balance,review,medium
L101219,0.5016912754596369,0,current_balance,review,medium
L101219,0.5046145030576973,0,current_balance,review,medium
L101219,0.5052737032936512,0,current_balance,review,medium
L101219,0.406511710222902,0,current_balance,monitor,medium
L101220,0.49603640290180534,0,current_balance,monitor,medium
L101220,0.5377926797738194,0,current_balance,review,medium
L101220,0.4803190148545643,0,current_balance,monitor,medium
L101220,0.5018771021885048,0,current_balance,review,medium
L101220,0.5186341917196239,0,current_balance,review,medium
L101220,0.46739310250185917,0,current_balance,monitor,medium
L101220,0.4717146848925555,0,current_balance,monitor,medium
L101220,0.4935283410147103,0,current_balance,monitor,medium
L101220,0.49217434939073074,0,current_balance,monitor,medium
L101220,0.5221439526653312,0,current_balance,review,medium
L101220,0.5104733396916763,0,current_balance,review,medium
L101220,0.3943864188568766,0,current_balance,monitor,medium
L101222,0.304577221597629,0,current_balance,monitor,medium
L101222,0.3447005849817177,0,current_balance,monitor,medium
L101222,0.3718243791607676,0,current_balance,monitor,medium
L101222,0.3608403485488344,0,current_balance,monitor,medium
L101222,0.3673868809874545,0,current_balance,monitor,medium
L101222,0.34685664171695996,0,current_balance,monitor,medium
L101222,0.3451719012280046,0,current_balance,monitor,medium
L101222,0.344240632883496,0,current_balance,monitor,medium
L101222,0.3762894480265934,0,current_balance,monitor,medium
L101222,0.36526607237699693,0,current_balance,monitor,medium
L101222,0.3428090200253283,0,current_balance,monitor,medium
L101222,0.34622543087941354,0,current_balance,monitor,medium
L101230,0.4142421210996068,0,current_balance,monitor,medium
L101230,0.40310698567938374,0,current_balance,monitor,medium
L101230,0.4084534345477384,0,current_balance,monitor,medium
L101230,0.4470893056725601,0,current_balance,monitor,medium
L101230,0.4530187306832472,0,current_balance,monitor,medium
L101230,0.41092508006895867,0,current_balance,monitor,medium
L101230,0.37534800844090116,0,current_balance,monitor,medium
L101230,0.35906369198303056,0,current_balance,monitor,medium
L101230,0.3974362285660288,0,current_balance,monitor,medium
L101230,0.4008348322259993,0,current_balance,monitor,medium
L101230,0.36587462869198917,0,current_balance,monitor,medium
L101230,0.324447532848768,0,current_balance,monitor,medium
L101234,0.5649984709007606,0,current_balance,review,medium
L101234,0.5806345235470078,0,current_balance,review,medium
L101234,0.5848405772219701,0,current_balance,review,medium
L101234,0.5811187729087764,0,current_balance,review,medium
L101234,0.5807285351210849,0,current_balance,review,medium
L101234,0.5797098852064442,0,current_balance,review,medium
L101234,0.5779787086773943,0,current_balance,review,medium
L101234,0.5132277545983464,0,current_balance,review,medium
L101234,0.517181182634048,0,current_balance,review,medium
L101234,0.5305961155424156,0,current_balance,review,medium
L101234,0.5362898827253921,0,current_balance,review,medium
L101234,0.503792831240638,0,current_balance,review,medium
L101235,0.5154353246772994,0,current_balance,review,medium
L101235,0.515830383806603,0,current_balance,review,medium
L101235,0.554046831766755,0,current_balance,review,medium
L101235,0.5468520559379358,0,current_balance,review,medium
L101235,0.6023736177429859,0,current_balance,review,medium
L101235,0.5373078623009714,0,current_balance,review,medium
L101235,0.5489292226848071,0,current_balance,review,medium
L101235,0.1706539986309266,0,current_balance,monitor,low
L101239,0.07112633150569324,0,current_balance,monitor,low
L101243,0.34206336321483455,0,current_balance,monitor,medium
L101243,0.3123660674032609,0,current_balance,monitor,medium
L101243,0.3209719660658558,0,current_balance,monitor,medium
L101243,0.3231746529866437,0,current_balance,monitor,medium
L101243,0.3588949595052398,0,current_balance,monitor,medium
L101243,0.34428826612415636,0,current_balance,monitor,medium
L101243,0.34439064577614437,0,current_balance,monitor,medium
L101243,0.4105328513207448,0,current_balance,monitor,medium
L101243,0.3327079339005629,0,current_balance,monitor,medium
L101243,0.34663975653278756,0,current_balance,monitor,medium
L101243,0.3455716490975956,0,current_balance,monitor,medium
L101243,0.28739319799478785,0,current_balance,monitor,low
L101248,0.5022433293236027,0,current_balance,review,medium
L101248,0.4957010778782463,0,current_balance,monitor,medium
L101248,0.48764596009708105,0,current_balance,monitor,medium
L101248,0.4841578758276159,0,current_balance,monitor,medium
L101248,0.4923649564137746,0,current_balance,monitor,medium
L101248,0.47405970070388015,0,current_balance,monitor,medium
L101248,0.48041765925097674,0,current_balance,monitor,medium
L101248,0.4783763665213523,0,current_balance,monitor,medium
L101248,0.46956008915229497,0,current_balance,monitor,medium
L101248,0.4613138972287815,0,current_balance,monitor,medium
L101248,0.44344745831975596,0,current_balance,monitor,medium
L101248,0.4031881387809823,0,current_balance,monitor,medium
L101254,0.34302080054277745,0,current_balance,monitor,medium
L101254,0.3545272874541193,0,current_balance,monitor,medium
L101254,0.3877005323882468,0,current_balance,monitor,medium
L101254,0.3934267881597508,0,current_balance,monitor,medium
L101254,0.3730988301478756,0,current_balance,monitor,medium
L101254,0.32390945102160484,0,current_balance,monitor,medium
L101254,0.34504669388160025,0,current_balance,monitor,medium
L101254,0.35466499097251136,0,current_balance,monitor,medium
L101254,0.3663332579228764,0,current_balance,monitor,medium
L101254,0.36313012366776115,0,current_balance,monitor,medium
L101254,0.367629200037006,0,current_balance,monitor,medium
L101254,0.34152307341801363,0,current_balance,monitor,medium
L101255,0.556985310427019,0,current_balance,review,medium
L101255,0.5387523496085266,0,current_balance,review,medium
L101255,0.5820015260374596,0,current_balance,review,medium
L101255,0.5801161976177484,0,current_balance,review,medium
L101255,0.5610376841534057,0,current_balance,review,medium
L101255,0.532139650572196,0,current_balance,review,medium
L101255,0.54450689025895,0,current_balance,review,medium
L101255,0.5312022684091492,0,current_balance,review,medium
L101255,0.5397673864198067,0,current_balance,review,medium
L101255,0.5442438212017128,0,current_balance,review,medium
L101255,0.5354991329531841,0,current_balance,review,medium
L101255,0.4779110118829064,0,current_balance,monitor,medium
L101258,0.49028747664295674,0,current_balance,monitor,medium
L101258,0.47633479122328226,0,current_balance,monitor,medium
L101258,0.48522992982388546,0,current_balance,monitor,medium
L101258,0.49528244356837525,0,current_balance,monitor,medium
L101258,0.49883628112516654,0,current_balance,monitor,medium
L101258,0.5057302626685141,0,current_balance,review,medium
L101258,0.5031459759454453,0,current_balance,review,medium
L101258,0.51427005354654,0,current_balance,review,medium
L101258,0.5226259783323212,0,current_balance,review,medium
L101258,0.5185585603394479,0,current_balance,review,medium
L101258,0.521176124958464,0,current_balance,review,medium
L101258,0.43034233347762063,0,current_balance,monitor,medium
L101265,0.5235846593715331,0,current_balance,review,medium
L101265,0.5351954120578931,0,current_balance,review,medium
L101265,0.540019450613508,0,current_balance,review,medium
L101265,0.5384920569006407,0,current_balance,review,medium
L101265,0.5341489024726024,0,current_balance,review,medium
L101265,0.536066601286846,0,current_balance,review,medium
L101265,0.5299851715341187,0,current_balance,review,medium
L101265,0.525492950527741,0,current_balance,review,medium
L101265,0.5312923686167308,0,current_balance,review,medium
L101265,0.5336520414854923,0,current_balance,review,medium
L101265,0.5318811966785134,0,current_balance,review,medium
L101265,0.48108055232794994,0,current_balance,monitor,medium
L101270,0.4103299487859898,0,current_balance,monitor,medium
L101270,0.40868338772567464,0,current_balance,monitor,medium
L101270,0.4021747913996742,0,current_balance,monitor,medium
L101270,0.4105153019934095,0,current_balance,monitor,medium
L101270,0.3937111240608065,0,current_balance,monitor,medium
L101270,0.3984756942371611,0,current_balance,monitor,medium
L101270,0.41031608397107455,0,current_balance,monitor,medium
L101270,0.39968579562542655,0,current_balance,monitor,medium
L101270,0.4169764468709558,0,current_balance,monitor,medium
L101270,0.4100749881917012,0,current_balance,monitor,medium
L101270,0.40779254053086555,0,current_balance,monitor,medium
L101270,0.3217205012750245,0,current_balance,monitor,medium
L101284,0.5058946080523095,0,current_balance,review,medium
L101284,0.5016910776899336,0,current_balance,review,medium
L101284,0.5436387004978157,0,current_balance,review,medium
L101284,0.5084335208686872,0,current_balance,review,medium
L101284,0.513468233186952,0,current_balance,review,medium
L101284,0.5057066972946537,0,current_balance,review,medium
L101284,0.5302179674099899,0,current_balance,review,medium
L101284,0.5128189921648757,0,current_balance,review,medium
L101284,0.5247827492904739,0,current_balance,review,medium
L101284,0.4779604877542225,0,current_balance,monitor,medium
L101284,0.10772538038364438,0,current_balance,monitor,low
L101289,0.4974485591250105,0,current_balance,monitor,medium
L101289,0.5024175217174043,0,current_balance,review,medium
L101289,0.4940779987322662,0,current_balance,monitor,medium
L101289,0.5051597878138456,0,current_balance,review,medium
L101289,0.5001527539439747,0,current_balance,review,medium
L101289,0.4960617510493167,0,current_balance,monitor,medium
L101289,0.5034350811848187,0,current_balance,review,medium
L101289,0.5014778658850846,0,current_balance,review,medium
L101289,0.48785148076785334,0,current_balance,monitor,medium
L101289,0.49068353904050943,0,current_balance,monitor,medium
L101289,0.4935608730017912,0,current_balance,monitor,medium
L101289,0.4346545405998703,0,current_balance,monitor,medium
L101290,0.4971654086683857,0,current_balance,monitor,medium
L101290,0.47057309562379523,0,current_balance,monitor,medium
L101290,0.48067722797414913,0,current_balance,monitor,medium
L101290,0.49459445607886515,0,current_balance,monitor,medium
L101290,0.5211157918313583,0,current_balance,review,medium
L101290,0.4746905316800617,0,current_balance,monitor,medium
L101290,0.4766812563676591,0,current_balance,monitor,medium
L101290,0.4760302451081727,0,current_balance,monitor,medium
L101290,0.47761140195551455,0,current_balance,monitor,medium
L101290,0.48481142254008064,0,current_balance,monitor,medium
L101290,0.4771005058934144,0,current_balance,monitor,medium
L101290,0.4419863838700895,0,current_balance,monitor,medium
L101299,0.29522878392067564,0,current_balance,monitor,low
L101299,0.32689082420587384,0,current_balance,monitor,medium
L101299,0.23694550462722766,0,current_balance,monitor,low
L101299,0.2516131663680418,0,current_balance,monitor,low
L101299,0.2572711444994484,0,current_balance,monitor,low
L101299,0.2629782192042302,0,current_balance,monitor,low
L101299,0.27425027422619985,0,current_balance,monitor,low
L101299,0.27472758634913985,0,current_balance,monitor,low
L101299,0.25853077343256536,0,current_balance,monitor,low
L101299,0.29258260008760073,0,current_balance,monitor,low
L101299,0.31690253598397766,0,current_balance,monitor,medium
L101299,0.257119675621534,0,current_balance,monitor,low
L101300,0.5083112162292325,0,current_balance,review,medium
L101300,0.5067173377641372,0,current_balance,review,medium
L101300,0.4812048874948146,0,current_balance,monitor,medium
L101300,0.4855557171820062,0,current_balance,monitor,medium
L101300,0.4939692530545032,0,current_balance,monitor,medium
L101300,0.5135409394988205,0,current_balance,review,medium
L101300,0.5067960537541618,0,current_balance,review,medium
L101300,0.5148878844330746,0,current_balance,review,medium
L101300,0.5184152722562239,0,current_balance,review,medium
L101300,0.5055458801238133,0,current_balance,review,medium
L101300,0.5036547318001319,0,current_balance,review,medium
L101300,0.3977272068699891,1,current_balance,monitor,medium
L101310,0.4447473531040727,0,current_balance,monitor,medium
L101310,0.4776084538328337,0,current_balance,monitor,medium
L101310,0.4723997502225229,0,current_balance,monitor,medium
L101310,0.4810468211183794,0,current_balance,monitor,medium
L101310,0.4811252986393895,0,current_balance,monitor,medium
L101310,0.4805190922639626,0,current_balance,monitor,medium
L101310,0.46287245895685,0,current_balance,monitor,medium
L101310,0.4708296110099014,0,current_balance,monitor,medium
L101310,0.47190831322418914,0,current_balance,monitor,medium
L101310,0.4634634957301724,0,current_balance,monitor,medium
L101310,0.4728939993670273,0,current_balance,monitor,medium
L101310,0.4384682306600582,0,current_balance,monitor,medium
L101311,0.36323786960774435,0,current_balance,monitor,medium
L101311,0.31235155139250925,0,current_balance,monitor,medium
L101311,0.33733603274550567,0,current_balance,monitor,medium
L101311,0.3504219802538438,0,current_balance,monitor,medium
L101311,0.338301283610297,0,current_balance,monitor,medium
L101311,0.38071887501682916,0,current_balance,monitor,medium
L101311,0.3482965325784075,0,current_balance,monitor,medium
L101311,0.333031966993369,0,current_balance,monitor,medium
L101311,0.3279462544814946,0,current_balance,monitor,medium
L101311,0.27641871191099,0,current_balance,monitor,low
L101311,0.27305950611040525,0,current_balance,monitor,low
L101311,0.2912539548286869,0,current_balance,monitor,low
L101322,0.33780275153014633,1,current_balance,monitor,medium
L101322,0.30122638408824065,0,current_balance,monitor,medium
L101322,0.3632472293806228,0,current_balance,monitor,medium
L101322,0.3586666794118299,0,current_balance,monitor,medium
L101322,0.40760862085476446,0,current_balance,monitor,medium
L101322,0.35228285862091063,0,current_balance,monitor,medium
L101322,0.36201104453097444,0,current_balance,monitor,medium
L101322,0.3404554909227759,0,current_balance,monitor,medium
L101322,0.3378567017332631,0,current_balance,monitor,medium
L101322,0.35617516766613555,0,current_balance,monitor,medium
L101322,0.3111294797550824,0,current_balance,monitor,medium
L101322,0.2924861778020014,0,current_balance,monitor,low
L101325,0.3539000987030704,0,current_balance,monitor,medium
L101325,0.360791933395981,0,current_balance,monitor,medium
L101325,0.3907132636940722,0,current_balance,monitor,medium
L101325,0.3420895344123294,0,current_balance,monitor,medium
L101325,0.32780288391649975,0,current_balance,monitor,medium
L101325,0.33459897345883155,0,current_balance,monitor,medium
L101325,0.3250263629420748,0,current_balance,monitor,medium
L101325,0.32437590430716395,0,current_balance,monitor,medium
L101325,0.35471746627121314,0,current_balance,monitor,medium
L101325,0.35056260244159276,0,current_balance,monitor,medium
L101325,0.3614512839116522,0,current_balance,monitor,medium
L101325,0.36187037096612845,0,current_balance,monitor,medium
L101335,0.27931930137206695,0,current_balance,monitor,low
L101335,0.31499378451752524,0,current_balance,monitor,medium
L101335,0.33719392347861016,0,current_balance,monitor,medium
L101335,0.30648908325049184,0,current_balance,monitor,medium
L101335,0.1840488192537425,0,current_balance,monitor,low
L101335,0.18830960879715952,0,current_balance,monitor,low
L101335,0.17755697198303888,0,current_balance,monitor,low
L101335,0.1634363089774791,0,current_balance,monitor,low
L101335,0.14798874146463434,0,current_balance,monitor,low
L101335,0.1670258619712482,0,current_balance,monitor,low
L101335,0.08057478516175871,0,current_balance,monitor,low
L101339,0.472597687747295,0,current_balance,monitor,medium
L101339,0.3833424510876363,0,current_balance,monitor,medium
L101339,0.46886427936848124,0,current_balance,monitor,medium
L101339,0.4096074655496322,0,current_balance,monitor,medium
L101339,0.39698874871347234,0,current_balance,monitor,medium
L101339,0.3414271943335915,0,current_balance,monitor,medium
L101339,0.3504047098440386,0,current_balance,monitor,medium
L101339,0.38952153654204547,0,current_balance,monitor,medium
L101339,0.3925744828873306,0,current_balance,monitor,medium
L101339,0.3821494922504649,0,current_balance,monitor,medium
L101339,0.37300007392913254,0,current_balance,monitor,medium
L101339,0.3237600790452047,0,current_balance,monitor,medium
L101341,0.3185010639465856,0,current_balance,monitor,medium
L101341,0.3779439109476293,0,current_balance,monitor,medium
L101341,0.36017237144437186,0,current_balance,monitor,medium
L101341,0.4050220135781884,0,current_balance,monitor,medium
L101341,0.35525803454423177,0,current_balance,monitor,medium
L101341,0.34108417673640284,0,current_balance,monitor,medium
L101341,0.3369121803407635,0,current_balance,monitor,medium
L101341,0.3533554630394625,0,current_balance,monitor,medium
L101341,0.38168024780924675,0,current_balance,monitor,medium
L101341,0.3756703580994653,0,current_balance,monitor,medium
L101341,0.38499899588032327,0,current_balance,monitor,medium
L101341,0.38897241434980834,0,current_balance,monitor,medium
L101349,0.3613129430575601,0,current_balance,monitor,medium
L101349,0.280985929923464,0,current_balance,monitor,low
L101349,0.39105018010249426,0,current_balance,monitor,medium
L101349,0.34654714650130153,0,current_balance,monitor,medium
L101349,0.37981606746643837,0,current_balance,monitor,medium
L101349,0.35737433253915485,0,current_balance,monitor,medium
L101349,0.3875035766518692,0,current_balance,monitor,medium
L101349,0.37795556135588454,0,current_balance,monitor,medium
L101349,0.11866343524651653,0,current_balance,monitor,low
L101356,0.26184044349401364,0,current_balance,monitor,low
L101356,0.2762582245854954,0,current_balance,monitor,low
L101356,0.24076389014056623,0,current_balance,monitor,low
L101356,0.2869121492802601,0,current_balance,monitor,low
L101356,0.3027711262322827,0,current_balance,monitor,medium
L101356,0.29263556928181944,0,current_balance,monitor,low
L101356,0.2870482475065927,0,current_balance,monitor,low
L101356,0.2682965622255647,0,current_balance,monitor,low
L101356,0.28809015386165937,0,current_balance,monitor,low
L101356,0.28993172387035565,0,current_balance,monitor,low
L101356,0.3409883706363044,0,current_balance,monitor,medium
L101356,0.24789526107893525,0,current_balance,monitor,low
L101362,0.3972137699910421,0,current_balance,monitor,medium
L101362,0.3627421737909841,0,current_balance,monitor,medium
L101362,0.3884739660446602,0,current_balance,monitor,medium
L101362,0.3846928801171098,0,current_balance,monitor,medium
L101362,0.3629170518000121,0,current_balance,monitor,medium
L101362,0.32901516213049686,0,current_balance,monitor,medium
L101362,0.32803167489739726,0,current_balance,monitor,medium
L101362,0.11065449703587436,0,current_balance,monitor,low
L101365,0.34928930882008863,0,current_balance,monitor,medium
L101365,0.35251958515383164,0,current_balance,monitor,medium
L101365,0.36704242250713853,0,current_balance,monitor,medium
L101365,0.35395389373888647,0,current_balance,monitor,medium
L101365,0.36068922848634705,0,current_balance,monitor,medium
L101365,0.37694656379236513,0,current_balance,monitor,medium
L101365,0.3795205502031941,0,current_balance,monitor,medium
L101365,0.3602217700797277,0,current_balance,monitor,medium
L101365,0.3907969522727732,0,current_balance,monitor,medium
L101365,0.35559096894870057,0,current_balance,monitor,medium
L101365,0.350864816040078,0,current_balance,monitor,medium
L101365,0.3218764330827919,0,current_balance,monitor,medium
L101372,0.4760679613515882,0,current_balance,monitor,medium
L101372,0.47379493173696247,0,current_balance,monitor,medium
L101372,0.4760614849024006,0,current_balance,monitor,medium
L101372,0.4904019264617358,0,current_balance,monitor,medium
L101372,0.478766639471955,0,current_balance,monitor,medium
L101372,0.4808843642759369,0,current_balance,monitor,medium
L101372,0.4940918249541613,0,current_balance,monitor,medium
L101372,0.4927163727479486,0,current_balance,monitor,medium
L101372,0.49920536382824154,0,current_balance,monitor,medium
L101372,0.4984053350921118,0,current_balance,monitor,medium
L101372,0.4549212336142004,0,current_balance,monitor,medium
L101372,0.36906321521326085,0,current_balance,monitor,medium
L101373,0.4637288836384171,0,current_balance,monitor,medium
L101373,0.43352772877328,0,current_balance,monitor,medium
L101373,0.4521525887519418,0,current_balance,monitor,medium
L101373,0.4528355312075314,0,current_balance,monitor,medium
L101373,0.448416045737981,0,current_balance,monitor,medium
L101373,0.44367764873517024,0,current_balance,monitor,medium
L101373,0.43100738625496,0,current_balance,monitor,medium
L101373,0.44257415351953683,0,current_balance,monitor,medium
L101373,0.45436072555491047,0,current_balance,monitor,medium
L101373,0.4485366540298629,0,current_balance,monitor,medium
L101373,0.4673925543765554,0,current_balance,monitor,medium
L101373,0.4029225948248786,0,current_balance,monitor,medium
L101387,0.33057308897495424,0,current_balance,monitor,medium
L101387,0.37002108686143037,0,current_balance,monitor,medium
L101387,0.3737102620509095,0,current_balance,monitor,medium
L101387,0.3305619804391735,0,current_balance,monitor,medium
L101393,0.48327401881416804,0,current_balance,monitor,medium
L101393,0.485923391270374,0,current_balance,monitor,medium
L101393,0.4922106589814139,0,current_balance,monitor,medium
L101393,0.5250745523272027,0,current_balance,review,medium
L101393,0.08839457674272425,0,current_balance,monitor,low
L101398,0.504506681456866,0,current_balance,review,medium
L101398,0.5174777048638699,0,current_balance,review,medium
L101398,0.48549032697054323,0,current_balance,monitor,medium
L101398,0.5242411126112353,0,current_balance,review,medium
L101398,0.5132515980550485,0,current_balance,review,medium
L101398,0.5037242763900501,0,current_balance,review,medium
L101398,0.4562002451285895,0,current_balance,monitor,medium
L101398,0.47102433254896,0,current_balance,monitor,medium
L101398,0.46840565872534057,0,current_balance,monitor,medium
L101398,0.4754481255943203,0,current_balance,monitor,medium
L101398,0.47858574773340673,0,current_balance,monitor,medium
L101398,0.43719237381194165,0,current_balance,monitor,medium
L101404,0.37800030773482207,0,current_balance,monitor,medium
L101404,0.37888861659709555,0,current_balance,monitor,medium
L101404,0.4289811646634461,0,current_balance,monitor,medium
L101404,0.36344942610911013,0,current_balance,monitor,medium
L101404,0.3270627290726383,0,current_balance,monitor,medium
L101404,0.3841424512385466,0,current_balance,monitor,medium
L101404,0.3561658345079974,0,current_balance,monitor,medium
L101404,0.3235897288373055,0,current_balance,monitor,medium
L101404,0.39119417579223387,0,current_balance,monitor,medium
L101404,0.4138878829027851,0,current_balance,monitor,medium
L101404,0.4309644121296531,0,current_balance,monitor,medium
L101404,0.4206336607564719,0,current_balance,monitor,medium
L101410,0.4769718285941377,0,current_balance,monitor,medium
L101410,0.5045472656237865,0,current_balance,review,medium
L101410,0.5031004350983483,0,current_balance,review,medium
L101410,0.5089638026058233,0,current_balance,review,medium
L101410,0.5027557404535782,0,current_balance,review,medium
L101410,0.5013228122058712,0,current_balance,review,medium
L101410,0.47067800118626546,0,current_balance,monitor,medium
L101410,0.4731986283481874,0,current_balance,monitor,medium
L101410,0.47838123165936147,0,current_balance,monitor,medium
L101410,0.4688595311394835,0,current_balance,monitor,medium
L101410,0.4612650861497864,0,current_balance,monitor,medium
L101410,0.4271749453969174,0,current_balance,monitor,medium
L101415,0.4744532318640608,0,current_balance,monitor,medium
L101415,0.4971517148447805,0,current_balance,monitor,medium
L101415,0.07845627770071062,0,current_balance,monitor,low
L101422,0.3611784217517258,0,current_balance,monitor,medium
L101422,0.374358259941368,0,current_balance,monitor,medium
L101422,0.40959114573037175,0,current_balance,monitor,medium
L101422,0.4068350003225261,0,current_balance,monitor,medium
L101422,0.41201061521168936,0,current_balance,monitor,medium
L101422,0.3866131734325182,0,current_balance,monitor,medium
L101422,0.3808773915266594,0,current_balance,monitor,medium
L101422,0.39077607692910055,0,current_balance,monitor,medium
L101422,0.41071927112826456,0,current_balance,monitor,medium
L101422,0.4326248726552781,0,current_balance,monitor,medium
L101422,0.43964080737575023,0,current_balance,monitor,medium
L101422,0.39441029069014777,0,current_balance,monitor,medium
L101424,0.4972989148280057,0,current_balance,monitor,medium
L101424,0.4892706090620313,0,current_balance,monitor,medium
L101424,0.5058760906329733,0,current_balance,review,medium
L101424,0.4691161424275619,0,current_balance,monitor,medium
L101424,0.478522474510265,0,current_balance,monitor,medium
L101424,0.5203713033877172,0,current_balance,review,medium
L101424,0.49634625830675,0,current_balance,monitor,medium
L101424,0.5020471911582047,0,current_balance,review,medium
L101424,0.5298411878329029,0,current_balance,review,medium
L101424,0.49761116441140396,0,current_balance,monitor,medium
L101424,0.5438881693149556,0,current_balance,review,medium
L101424,0.36788005326421613,1,current_balance,monitor,medium
L101430,0.47150640147878947,0,current_balance,monitor,medium
L101430,0.5122989100939255,0,current_balance,review,medium
L101430,0.4518500937427371,0,current_balance,monitor,medium
L101430,0.4620549038632976,0,current_balance,monitor,medium
L101430,0.48139792148159777,0,current_balance,monitor,medium
L101430,0.4802248563623537,0,current_balance,monitor,medium
L101430,0.5307477899986187,0,current_balance,review,medium
L101430,0.4983402980086935,0,current_balance,monitor,medium
L101430,0.491699874138579,0,current_balance,monitor,medium
L101430,0.48501896033841513,0,current_balance,monitor,medium
L101430,0.4682277811783784,0,current_balance,monitor,medium
L101430,0.3674529518016525,1,current_balance,monitor,medium
L101434,0.4163693887869286,0,current_balance,monitor,medium
L101434,0.41329633122314297,0,current_balance,monitor,medium
L101434,0.40941333016081133,0,current_balance,monitor,medium
L101434,0.3928619545335771,0,current_balance,monitor,medium
L101434,0.384920615488384,0,current_balance,monitor,medium
L101434,0.3546673564591596,0,current_balance,monitor,medium
L101434,0.3677417718553466,0,current_balance,monitor,medium
L101434,0.36586922284667517,0,current_balance,monitor,medium
L101434,0.38777983041010394,0,current_balance,monitor,medium
L101434,0.3595735892829701,0,current_balance,monitor,medium
L101434,0.3439569653270869,0,current_balance,monitor,medium
L101434,0.357553849875005,0,current_balance,monitor,medium
L101437,0.376067180593608,0,current_balance,monitor,medium
L101437,0.37808510573696985,0,current_balance,monitor,medium
L101437,0.38505160165599134,0,current_balance,monitor,medium
L101437,0.45860264526433775,0,current_balance,monitor,medium
L101437,0.45335425584443534,0,current_balance,monitor,medium
L101437,0.38084949304576227,0,current_balance,monitor,medium
L101437,0.39294582528234373,0,current_balance,monitor,medium
L101437,0.08965225523690784,0,current_balance,monitor,low
L101439,0.4997663115059659,0,current_balance,monitor,medium
L101439,0.5679415309085308,0,current_balance,review,medium
L101439,0.5747920803887661,0,current_balance,review,medium
L101439,0.5264965744500891,0,current_balance,review,medium
L101439,0.550728131476887,0,current_balance,review,medium
L101439,0.5210899024278131,0,current_balance,review,medium
L101439,0.5506084242897719,0,current_balance,review,medium
L101439,0.523423201554138,0,current_balance,review,medium
L101439,0.5343909148175533,0,current_balance,review,medium
L101439,0.5404203339836128,0,current_balance,review,medium
L101439,0.5187694588237183,0,current_balance,review,medium
L101439,0.474740994068841,0,current_balance,monitor,medium
L101440,0.29195095534442417,0,current_balance,monitor,low
L101440,0.37159430677597655,0,current_balance,monitor,medium
L101440,0.3804931505377988,0,current_balance,monitor,medium
L101440,0.35527349593290664,0,current_balance,monitor,medium
L101440,0.3607587821649764,0,current_balance,monitor,medium
L101440,0.3695471565990999,0,current_balance,monitor,medium
L101440,0.35714565798214276,0,current_balance,monitor,medium
L101440,0.3735957762250073,0,current_balance,monitor,medium
L101440,0.3909922752378508,0,current_balance,monitor,medium
L101440,0.32219752223150094,0,current_balance,monitor,medium
L101440,0.35777120888441866,0,current_balance,monitor,medium
L101440,0.31683763493432987,1,current_balance,monitor,medium
L101451,0.612994315306973,0,current_balance,review,medium
L101451,0.6105327349547711,0,current_balance,review,medium
L101451,0.5223659045623638,0,current_balance,review,medium
L101451,0.5374650992181385,0,current_balance,review,medium
L101451,0.5672466793207687,0,current_balance,review,medium
L101451,0.5941493867747133,0,current_balance,review,medium
L101451,0.5795457560281013,0,current_balance,review,medium
L101451,0.5909206103793543,0,current_balance,review,medium
L101451,0.5897064567349005,0,current_balance,review,medium
L101451,0.5897553855078417,0,current_balance,review,medium
L101451,0.5961549517768897,0,current_balance,review,medium
L101451,0.5301360727021894,0,current_balance,review,medium
L101452,0.5121228178773094,0,current_balance,review,medium
L101452,0.5407878199016583,0,current_balance,review,medium
L101452,0.5272585894670236,0,current_balance,review,medium
L101452,0.5280582231852445,0,current_balance,review,medium
L101452,0.4028980523577792,0,current_balance,monitor,medium
L101452,0.3813366542943152,0,current_balance,monitor,medium
L101452,0.36700472122601463,0,current_balance,monitor,medium
L101452,0.36058694255957485,0,current_balance,monitor,medium
L101452,0.38813371756008336,0,current_balance,monitor,medium
L101452,0.3753363725961929,0,current_balance,monitor,medium
L101452,0.39444157392046436,0,current_balance,monitor,medium
L101452,0.3272598318588332,0,current_balance,monitor,medium
L101456,0.541949000441004,0,current_balance,review,medium
L101456,0.5379591567237749,0,current_balance,review,medium
L101456,0.5047348534945705,0,current_balance,review,medium
L101456,0.5165422079765998,0,current_balance,review,medium
L101456,0.5351899781536344,0,current_balance,review,medium
L101456,0.5089817435225361,0,current_balance,review,medium
L101456,0.5123001399870593,0,current_balance,review,medium
L101456,0.5351100525689232,0,current_balance,review,medium
L101456,0.5375912526381303,0,current_balance,review,medium
L101456,0.5388038050345992,0,current_balance,review,medium
L101456,0.5069860983730982,0,current_balance,review,medium
L101456,0.4265705536957892,0,current_balance,monitor,medium
L101460,0.5757676865533071,0,current_balance,review,medium
L101460,0.49206392982067365,0,current_balance,monitor,medium
L101460,0.4751997225359888,0,current_balance,monitor,medium
L101460,0.46203633207724537,0,current_balance,monitor,medium
L101460,0.586730345080884,0,current_balance,review,medium
L101460,0.40659015641817303,1,current_balance,monitor,medium
L101460,0.41940509171573614,1,current_balance,monitor,medium
L101460,0.4473867835898133,1,current_balance,monitor,medium
L101460,0.4587937360463028,1,current_balance,monitor,medium
L101460,0.45334192207503987,0,current_balance,monitor,medium
L101460,0.4569679802197647,0,current_balance,monitor,medium
L101460,0.4339059822831913,1,current_balance,monitor,medium
L101462,0.5138441639086638,0,current_balance,review,medium
L101462,0.5181330016277359,0,current_balance,review,medium
L101462,0.5132001597424134,0,current_balance,review,medium
L101462,0.48524931324297066,1,current_balance,monitor,medium
L101462,0.5033066722745613,0,current_balance,review,medium
L101462,0.4988701266295217,0,current_balance,monitor,medium
L101462,0.49484325541520724,0,current_balance,monitor,medium
L101462,0.5087465599773405,0,current_balance,review,medium
L101462,0.4906354371737411,0,current_balance,monitor,medium
L101462,0.47661361574271127,0,current_balance,monitor,medium
L101462,0.4623979793053835,0,current_balance,monitor,medium
L101462,0.425287588112599,0,current_balance,monitor,medium
L101468,0.36124230571632937,0,current_balance,monitor,medium
L101468,0.358880897730969,0,current_balance,monitor,medium
L101468,0.3659338599624665,0,current_balance,monitor,medium
L101468,0.42997539322620265,0,current_balance,monitor,medium
L101468,0.3953631500024541,0,current_balance,monitor,medium
L101468,0.37501931698313684,0,current_balance,monitor,medium
L101468,0.36626810395815623,0,current_balance,monitor,medium
L101468,0.4050227273467614,0,current_balance,monitor,medium
L101468,0.3530686409628099,0,current_balance,monitor,medium
L101468,0.40970886409015855,0,current_balance,monitor,medium
L101468,0.37339892499871596,0,current_balance,monitor,medium
L101468,0.28319957547923286,0,current_balance,monitor,low
L101472,0.4822293124694302,0,current_balance,monitor,medium
L101472,0.49169776761175243,0,current_balance,monitor,medium
L101472,0.49876421651688685,0,current_balance,monitor,medium
L101472,0.4834875609111149,0,current_balance,monitor,medium
L101472,0.505070418876381,0,current_balance,review,medium
L101472,0.4881126377817695,0,current_balance,monitor,medium
L101472,0.4693973806112857,0,current_balance,monitor,medium
L101472,0.467547304476496,0,current_balance,monitor,medium
L101472,0.47538501735070865,0,current_balance,monitor,medium
L101472,0.45954819043738765,0,current_balance,monitor,medium
L101472,0.445921225319832,0,current_balance,monitor,medium
L101472,0.41768514118574723,0,current_balance,monitor,medium
L101474,0.3665235722644955,0,current_balance,monitor,medium
L101474,0.35693759037878325,0,current_balance,monitor,medium
L101474,0.37404321981188365,0,current_balance,monitor,medium
L101474,0.3559800850287861,0,current_balance,monitor,medium
L101474,0.4060282084285101,0,current_balance,monitor,medium
L101474,0.3553074026436558,0,current_balance,monitor,medium
L101474,0.3564728980257334,0,current_balance,monitor,medium
L101474,0.3227073843249336,0,current_balance,monitor,medium
L101474,0.3516705676025335,0,current_balance,monitor,medium
L101474,0.32627934950891785,0,current_balance,monitor,medium
L101474,0.36965696111574625,0,current_balance,monitor,medium
L101474,0.2833565107282959,0,current_balance,monitor,low
L101486,0.5242791890829799,0,current_balance,review,medium
L101486,0.5408858357024506,0,current_balance,review,medium
L101486,0.5432918831116151,0,current_balance,review,medium
L101486,0.5360687730610904,0,current_balance,review,medium
L101486,0.5357663486823572,0,current_balance,review,medium
L101486,0.5062133082380127,0,current_balance,review,medium
L101486,0.5387400390941042,0,current_balance,review,medium
L101486,0.5267967515043841,0,current_balance,review,medium
L101486,0.5217495527030332,0,current_balance,review,medium
L101486,0.5472600629005541,0,current_balance,review,medium
L101486,0.5287692748165527,0,current_balance,review,medium
L101486,0.501641226088771,0,current_balance,review,medium
L101492,0.5595106244912188,0,current_balance,review,medium
L101492,0.4926279396353449,0,current_balance,monitor,medium
L101492,0.4596951492147503,0,current_balance,monitor,medium
L101492,0.5251748548210804,0,current_balance,review,medium
L101492,0.4908764938139054,0,current_balance,monitor,medium
L101492,0.5341665878034619,0,current_balance,review,medium
L101492,0.4549209944129735,1,current_balance,monitor,medium
L101492,0.4673707070216569,0,current_balance,monitor,medium
L101498,0.3395769771046496,0,current_balance,monitor,medium
L101498,0.3264822679515326,0,current_balance,monitor,medium
L101498,0.33743495594962164,0,current_balance,monitor,medium
L101498,0.3423483406010608,0,current_balance,monitor,medium
L101498,0.36856081133479973,0,current_balance,monitor,medium
L101498,0.31688987402146546,0,current_balance,monitor,medium
L101498,0.309720911685379,0,current_balance,monitor,medium
L101498,0.2991039888588997,0,current_balance,monitor,low
L101498,0.3149959663088639,0,current_balance,monitor,medium
L101498,0.3266246875062698,0,current_balance,monitor,medium
L101498,0.3227197772989793,0,current_balance,monitor,medium
L101498,0.26407173955534713,0,current_balance,monitor,low
L101503,0.47671546983506974,0,current_balance,monitor,medium
L101503,0.4702599770317702,0,current_balance,monitor,medium
L101503,0.4589095122076044,0,current_balance,monitor,medium
L101503,0.44420240541591477,0,current_balance,monitor,medium
L101503,0.45954591259931765,0,current_balance,monitor,medium
L101503,0.4738933558154549,0,current_balance,monitor,medium
L101503,0.41684756644628473,0,current_balance,monitor,medium
L101503,0.4529351045876566,0,current_balance,monitor,medium
L101503,0.5263769951894005,0,current_balance,review,medium
L101503,0.47257338562762796,0,current_balance,monitor,medium
L101503,0.4658630006963375,0,current_balance,monitor,medium
L101503,0.39580853635035884,0,current_balance,monitor,medium
L101505,0.5180729112762471,0,current_balance,review,medium
L101505,0.5319185653160406,0,current_balance,review,medium
L101505,0.5212513372840967,0,current_balance,review,medium
L101505,0.5270486668590517,0,current_balance,review,medium
L101505,0.5246045897590585,0,current_balance,review,medium
L101505,0.5127016309495641,0,current_balance,review,medium
L101505,0.5126182267712213,0,current_balance,review,medium
L101505,0.4934716425647697,0,current_balance,monitor,medium
L101505,0.4920169642948067,0,current_balance,monitor,medium
L101505,0.49698975163465015,0,current_balance,monitor,medium
L101505,0.4627331127464338,0,current_balance,monitor,medium
L101505,0.44023182261539867,0,current_balance,monitor,medium
L101507,0.35111666323803015,0,current_balance,monitor,medium
L101507,0.32095414154042706,0,current_balance,monitor,medium
L101507,0.37154836168426364,0,current_balance,monitor,medium
L101507,0.38101034550722657,0,current_balance,monitor,medium
L101507,0.45232783270174276,0,current_balance,monitor,medium
L101507,0.1593477378524629,0,current_balance,monitor,low
L101512,0.2288479083291359,1,current_balance,monitor,low
L101512,0.2472745997833408,1,current_balance,monitor,low
L101512,0.2852526292371604,0,current_balance,monitor,low
L101512,0.2765450792162997,0,current_balance,monitor,low
L101512,0.281198477313679,0,current_balance,monitor,low
L101512,0.27519903182274796,0,current_balance,monitor,low
L101512,0.26653872356696323,0,current_balance,monitor,low
L101512,0.29609749601120056,0,current_balance,monitor,low
L101512,0.31498896718134495,0,current_balance,monitor,medium
L101512,0.396309998815649,0,current_balance,monitor,medium
L101512,0.4190536201403577,0,current_balance,monitor,medium
L101512,0.17987974651162056,1,current_balance,monitor,low
L101514,0.39252012534079045,0,current_balance,monitor,medium
L101514,0.3410080419692553,0,current_balance,monitor,medium
L101514,0.3907791909242146,0,current_balance,monitor,medium
L101514,0.36072206858687006,0,current_balance,monitor,medium
L101514,0.4168406622321357,0,current_balance,monitor,medium
L101514,0.3494353240615554,0,current_balance,monitor,medium
L101514,0.39380600795572207,0,current_balance,monitor,medium
L101514,0.38021779720253746,0,current_balance,monitor,medium
L101514,0.4176278992619109,0,current_balance,monitor,medium
L101514,0.3761561316128016,0,current_balance,monitor,medium
L101514,0.38007488451925325,0,current_balance,monitor,medium
L101514,0.36645092811279595,0,current_balance,monitor,medium
L101519,0.49779672214161913,0,current_balance,monitor,medium
L101519,0.5088516364662732,0,current_balance,review,medium
L101519,0.4518582981070612,0,current_balance,monitor,medium
L101519,0.47525814794842874,0,current_balance,monitor,medium
L101519,0.46365096064269534,0,current_balance,monitor,medium
L101519,0.48037352619000045,0,current_balance,monitor,medium
L101519,0.47290557395126553,0,current_balance,monitor,medium
L101519,0.461319281035605,0,current_balance,monitor,medium
L101519,0.4833729348514179,0,current_balance,monitor,medium
L101519,0.4771146713452349,0,current_balance,monitor,medium
L101519,0.46327895159180427,0,current_balance,monitor,medium
L101519,0.3954293973281207,0,current_balance,monitor,medium
L101521,0.5130131155278175,0,current_balance,review,medium
L101521,0.43426156566670143,0,current_balance,monitor,medium
L101521,0.43001091018200166,0,current_balance,monitor,medium
L101521,0.43924209732727293,0,current_balance,monitor,medium
L101521,0.45031026825407844,0,current_balance,monitor,medium
L101521,0.40244460941397897,1,current_balance,monitor,medium
L101521,0.3959747256351511,0,current_balance,monitor,medium
L101521,0.41083752776141674,0,current_balance,monitor,medium
L101521,0.500726885305554,0,current_balance,review,medium
L101521,0.47349534820337097,1,current_balance,monitor,medium
L101521,0.3882896820007946,1,current_balance,monitor,medium
L101521,0.429196676998794,0,current_balance,monitor,medium
L101530,0.46271768845078,0,current_balance,monitor,medium
L101530,0.4523798504083645,0,current_balance,monitor,medium
L101530,0.42955214987360024,0,current_balance,monitor,medium
L101530,0.3764235058423563,0,current_balance,monitor,medium
L101530,0.3839805483389498,0,current_balance,monitor,medium
L101530,0.38356931955643675,0,current_balance,monitor,medium
L101530,0.38995017905540025,0,current_balance,monitor,medium
L101530,0.3897805604597667,0,current_balance,monitor,medium
L101530,0.4237119172329279,0,current_balance,monitor,medium
L101530,0.3965213448640478,0,current_balance,monitor,medium
L101530,0.3957693279770888,0,current_balance,monitor,medium
L101530,0.3332122478491476,0,current_balance,monitor,medium
L101536,0.3258104469041684,0,current_balance,monitor,medium
L101536,0.3673473332916647,0,current_balance,monitor,medium
L101536,0.36917545439115423,0,current_balance,monitor,medium
L101536,0.3594339036411371,0,current_balance,monitor,medium
L101536,0.32683367995989115,0,current_balance,monitor,medium
L101536,0.31132555672503126,0,current_balance,monitor,medium
L101536,0.34743397747483223,0,current_balance,monitor,medium
L101536,0.32063110890587604,0,current_balance,monitor,medium
L101536,0.3340960321836674,0,current_balance,monitor,medium
L101536,0.2909805512965571,0,current_balance,monitor,low
L101536,0.29485724279557757,0,current_balance,monitor,low
L101536,0.2743747292024004,0,current_balance,monitor,low
L101540,0.4110868223239692,0,current_balance,monitor,medium
L101540,0.4909310870951413,0,current_balance,monitor,medium
L101540,0.4738431045123312,0,current_balance,monitor,medium
L101540,0.49920761098000044,0,current_balance,monitor,medium
L101540,0.3931410435650989,1,current_balance,monitor,medium
L101541,0.5019596065978853,0,current_balance,review,medium
L101546,0.5762633258016261,0,current_balance,review,medium
L101546,0.5748674834627691,0,current_balance,review,medium
L101546,0.5757787457444047,0,current_balance,review,medium
L101546,0.5654748062194433,0,current_balance,review,medium
L101546,0.5663021329811576,0,current_balance,review,medium
L101546,0.4213290759438035,0,current_balance,monitor,medium
L101546,0.4136991924519075,0,current_balance,monitor,medium
L101546,0.3986124946060501,0,current_balance,monitor,medium
L101546,0.40164061027269254,0,current_balance,monitor,medium
L101546,0.415862599131577,0,current_balance,monitor,medium
L101546,0.418115509627132,0,current_balance,monitor,medium
L101546,0.41224894725119277,0,current_balance,monitor,medium
L101551,0.5011675291527036,0,current_balance,review,medium
L101551,0.528462904625246,0,current_balance,review,medium
L101551,0.5259806437360532,0,current_balance,review,medium
L101551,0.5178697964056774,0,current_balance,review,medium
L101551,0.5418482115869017,0,current_balance,review,medium
L101551,0.5120805543909759,0,current_balance,review,medium
L101551,0.49145210560290814,0,current_balance,monitor,medium
L101551,0.07884496023655622,0,current_balance,monitor,low
L101557,0.3191262681372975,0,current_balance,monitor,medium
L101557,0.3798989046256548,0,current_balance,monitor,medium
L101557,0.3655404192151184,0,current_balance,monitor,medium
L101557,0.3358722963223616,0,current_balance,monitor,medium
L101557,0.33449290490345485,0,current_balance,monitor,medium
L101557,0.33060067944217736,0,current_balance,monitor,medium
L101557,0.3252870779721816,0,current_balance,monitor,medium
L101557,0.2910796013719766,0,current_balance,monitor,low
L101557,0.3121851709693191,0,current_balance,monitor,medium
L101557,0.2958241438111071,0,current_balance,monitor,low
L101557,0.28731419731189556,0,current_balance,monitor,low
L101557,0.25683808893310706,0,current_balance,monitor,low
L101560,0.47412688786614327,0,current_balance,monitor,medium
L101560,0.43506916512141536,0,current_balance,monitor,medium
L101560,0.4540078730893564,0,current_balance,monitor,medium
L101560,0.48467512327355616,0,current_balance,monitor,medium
L101560,0.44898611031934244,0,current_balance,monitor,medium
L101560,0.4549190102370833,0,current_balance,monitor,medium
L101560,0.46113306731831516,0,current_balance,monitor,medium
L101560,0.4828311481271201,0,current_balance,monitor,medium
L101560,0.4682343531121035,0,current_balance,monitor,medium
L101560,0.4612801797441222,0,current_balance,monitor,medium
L101560,0.32480157147084443,0,current_balance,monitor,medium
L101560,0.2785738323551763,0,current_balance,monitor,low
L101570,0.4171017978065698,0,current_balance,monitor,medium
L101570,0.4216521653709185,0,current_balance,monitor,medium
L101570,0.43186096693452347,0,current_balance,monitor,medium
L101570,0.4270468756998108,0,current_balance,monitor,medium
L101570,0.428663232914946,0,current_balance,monitor,medium
L101570,0.4073777167370862,0,current_balance,monitor,medium
L101570,0.4070103280446022,0,current_balance,monitor,medium
L101570,0.41717100761789766,0,current_balance,monitor,medium
L101570,0.43534307502783987,0,current_balance,monitor,medium
L101570,0.41906389029526087,0,current_balance,monitor,medium
L101570,0.4138843676443382,0,current_balance,monitor,medium
L101570,0.3637187467210875,0,current_balance,monitor,medium
L101572,0.4532619773677902,0,current_balance,monitor,medium
L101572,0.4673926126049164,0,current_balance,monitor,medium
L101572,0.4180975675381191,0,current_balance,monitor,medium
L101572,0.3885957233247615,0,current_balance,monitor,medium
L101572,0.35508807166141404,0,current_balance,monitor,medium
L101572,0.35394493854280434,0,current_balance,monitor,medium
L101572,0.3853812570302015,0,current_balance,monitor,medium
L101572,0.4171169593665992,0,current_balance,monitor,medium
L101572,0.4322709735530191,0,current_balance,monitor,medium
L101572,0.4017969651569001,0,current_balance,monitor,medium
L101572,0.41551219492509267,0,current_balance,monitor,medium
L101572,0.32844452232034826,0,current_balance,monitor,medium
L101579,0.5253095206354483,0,current_balance,review,medium
L101579,0.45295952477851037,0,current_balance,monitor,medium
L101579,0.44981536112696674,0,current_balance,monitor,medium
L101579,0.5073635269032134,0,current_balance,review,medium
L101579,0.4520592812324013,0,current_balance,monitor,medium
L101579,0.5302743389678989,0,current_balance,review,medium
L101579,0.5363940512047,0,current_balance,review,medium
L101579,0.44837838875357877,0,current_balance,monitor,medium
L101579,0.5480323943034702,0,current_balance,review,medium
L101579,0.4422206698692747,0,current_balance,monitor,medium
L101579,0.09091853375222902,0,current_balance,monitor,low
L101585,0.3744643664476559,0,current_balance,monitor,medium
L101585,0.37398868567600574,0,current_balance,monitor,medium
L101585,0.36970960465608643,0,current_balance,monitor,medium
L101585,0.36095865333724947,0,current_balance,monitor,medium
L101585,0.36568828533433306,0,current_balance,monitor,medium
L101585,0.36810512004265383,0,current_balance,monitor,medium
L101585,0.3866391237312525,0,current_balance,monitor,medium
L101585,0.40349910117340526,0,current_balance,monitor,medium
L101585,0.39561812812664554,0,current_balance,monitor,medium
L101585,0.39749195384447383,0,current_balance,monitor,medium
L101585,0.37723132421355204,0,current_balance,monitor,medium
L101585,0.3257064651116937,0,current_balance,monitor,medium
L101590,0.492736716694865,0,current_balance,monitor,medium
L101590,0.4831977617288449,0,current_balance,monitor,medium
L101590,0.4798054710335223,0,current_balance,monitor,medium
L101590,0.47679399545135026,0,current_balance,monitor,medium
L101590,0.4870680688169216,0,current_balance,monitor,medium
L101590,0.496263674537753,0,current_balance,monitor,medium
L101590,0.5119150603025266,0,current_balance,review,medium
L101590,0.5221097199882704,0,current_balance,review,medium
L101590,0.504707601110549,0,current_balance,review,medium
L101590,0.489468079145571,0,current_balance,monitor,medium
L101590,0.4979642868248098,0,current_balance,monitor,medium
L101590,0.4161804929109518,0,current_balance,monitor,medium
L101597,0.5040868244767647,0,current_balance,review,medium
L101597,0.5208046051994114,0,current_balance,review,medium
L101597,0.5166453945230409,0,current_balance,review,medium
L101597,0.5095421088314371,0,current_balance,review,medium
L101597,0.5184487612263158,0,current_balance,review,medium
L101597,0.4883097635641727,0,current_balance,monitor,medium
L101597,0.5026065499536387,0,current_balance,review,medium
L101597,0.5091509391381766,0,current_balance,review,medium
L101597,0.4849840581525575,0,current_balance,monitor,medium
L101597,0.4749995603669857,0,current_balance,monitor,medium
L101597,0.4816693932826221,0,current_balance,monitor,medium
L101597,0.4241409899799634,0,current_balance,monitor,medium
L101603,0.32241199053937436,0,current_balance,monitor,medium
L101603,0.2791898925011828,1,current_balance,monitor,low
L101603,0.30435201585501387,0,current_balance,monitor,medium
L101603,0.3871648258438295,0,current_balance,monitor,medium
L101603,0.339768152194841,0,current_balance,monitor,medium
L101603,0.299510785580811,0,current_balance,monitor,low
L101603,0.28438657940954065,0,current_balance,monitor,low
L101603,0.2776881097346014,0,current_balance,monitor,low
L101603,0.34701157462218346,0,current_balance,monitor,medium
L101603,0.2725913122720385,0,current_balance,monitor,low
L101603,0.3646130666651177,0,current_balance,monitor,medium
L101603,0.27922783285037034,0,current_balance,monitor,low
L101607,0.3566335190147044,0,current_balance,monitor,medium
L101607,0.28249738502456895,0,current_balance,monitor,low
L101607,0.23897488404524586,0,current_balance,monitor,low
L101607,0.25776257819347087,0,current_balance,monitor,low
L101607,0.2997348708283372,0,current_balance,monitor,low
L101607,0.2463446426885942,0,current_balance,monitor,low
L101607,0.2688593940944914,0,current_balance,monitor,low
L101607,0.2880870928697393,0,current_balance,monitor,low
L101607,0.27862857923692125,0,current_balance,monitor,low
L101607,0.33711800754933263,0,current_balance,monitor,medium
L101607,0.29628064190052983,0,current_balance,monitor,low
L101607,0.24272892125057136,0,current_balance,monitor,low
L101608,0.567493555338184,0,current_balance,review,medium
L101608,0.5735326370907413,0,current_balance,review,medium
L101608,0.5754550350421447,0,current_balance,review,medium
L101608,0.5551990075503206,0,current_balance,review,medium
L101608,0.5032529679671306,0,current_balance,review,medium
L101608,0.5182287360723873,0,current_balance,review,medium
L101612,0.4524641208107903,0,current_balance,monitor,medium
L101612,0.45140662438038925,0,current_balance,monitor,medium
L101612,0.4636243463696132,0,current_balance,monitor,medium
L101612,0.46700627149843343,0,current_balance,monitor,medium
L101612,0.4695641482206744,0,current_balance,monitor,medium
L101612,0.4589508257591934,0,current_balance,monitor,medium
L101612,0.44948730210624793,0,current_balance,monitor,medium
L101612,0.33843955284533955,0,current_balance,monitor,medium
L101612,0.34057826566020355,0,current_balance,monitor,medium
L101612,0.3410451490770584,0,current_balance,monitor,medium
L101612,0.33751830028492386,0,current_balance,monitor,medium
L101612,0.2904003352642595,0,current_balance,monitor,low
L101613,0.39900043867958346,0,current_balance,monitor,medium
L101613,0.4022057399700467,0,current_balance,monitor,medium
L101613,0.436438642782859,0,current_balance,monitor,medium
L101613,0.42074754401960157,0,current_balance,monitor,medium
L101613,0.16616579710107704,0,current_balance,monitor,low
L101629,0.19658692634008598,0,current_balance,monitor,low
L101629,0.21284650665548552,0,current_balance,monitor,low
L101629,0.21410743348159336,0,current_balance,monitor,low
L101629,0.20037750223889972,0,current_balance,monitor,low
L101629,0.14318652116549477,0,current_balance,monitor,low
L101629,0.1761679009060987,0,current_balance,monitor,low
L101629,0.135027160996998,0,current_balance,monitor,low
L101629,0.13406513980834317,0,current_balance,monitor,low
L101629,0.11863627949561042,0,current_balance,monitor,low
L101629,0.14028965019274783,0,current_balance,monitor,low
L101629,0.14947360026659445,0,current_balance,monitor,low
L101629,0.11751865527250521,0,current_balance,monitor,low
L101630,0.4292931975929241,0,current_balance,monitor,medium
L101630,0.45909567946448576,0,current_balance,monitor,medium
L101630,0.41057264433105906,0,current_balance,monitor,medium
L101630,0.4963116928972661,0,current_balance,monitor,medium
L101630,0.5153036702940761,0,current_balance,review,medium
L101630,0.5493675337490552,0,current_balance,review,medium
L101630,0.5052694031937315,0,current_balance,review,medium
L101630,0.5738583469369832,0,current_balance,review,medium
L101630,0.534800806638497,0,current_balance,review,medium
L101630,0.5126618495002171,0,current_balance,review,medium
L101630,0.5504324011955299,0,current_balance,review,medium
L101630,0.4148424868442472,0,current_balance,monitor,medium
L101639,0.46143061520807643,0,current_balance,monitor,medium
L101639,0.4544462439076549,0,current_balance,monitor,medium
L101639,0.4684570999555321,0,current_balance,monitor,medium
L101639,0.48599842437033447,0,current_balance,monitor,medium
L101639,0.48104791054216706,0,current_balance,monitor,medium
L101639,0.4568296481241778,0,current_balance,monitor,medium
L101639,0.48546167063427265,0,current_balance,monitor,medium
L101639,0.4862739182034634,0,current_balance,monitor,medium
L101639,0.4373113070079356,0,current_balance,monitor,medium
L101639,0.4443206409546168,0,current_balance,monitor,medium
L101639,0.42846867231609975,0,current_balance,monitor,medium
L101639,0.3818867297813685,0,current_balance,monitor,medium
L101641,0.48502471995665225,0,current_balance,monitor,medium
L101641,0.46452654481909333,0,current_balance,monitor,medium
L101641,0.4624666680084838,0,current_balance,monitor,medium
L101641,0.48721658597119233,0,current_balance,monitor,medium
L101641,0.09411287406051189,0,current_balance,monitor,low
L101646,0.5025088262702401,0,current_balance,review,medium
L101646,0.5224777509105496,0,current_balance,review,medium
L101646,0.5121208358264426,0,current_balance,review,medium
L101646,0.5092305370716129,0,current_balance,review,medium
L101646,0.5137298436578152,0,current_balance,review,medium
L101646,0.502002757544456,0,current_balance,review,medium
L101646,0.5036121546603691,0,current_balance,review,medium
L101646,0.49435212614778457,0,current_balance,monitor,medium
L101646,0.5003013515515203,0,current_balance,review,medium
L101646,0.5041198058032174,0,current_balance,review,medium
L101646,0.5095218027973428,0,current_balance,review,medium
L101646,0.45224936862061654,0,current_balance,monitor,medium
L101652,0.44875095789880654,0,current_balance,monitor,medium
L101652,0.45182535767750276,0,current_balance,monitor,medium
L101652,0.43780031151840065,0,current_balance,monitor,medium
L101652,0.41715684253268653,0,current_balance,monitor,medium
L101652,0.4256676609198858,0,current_balance,monitor,medium
L101652,0.427881262978152,0,current_balance,monitor,medium
L101652,0.4278674698645472,0,current_balance,monitor,medium
L101652,0.40042674412235874,0,current_balance,monitor,medium
L101652,0.4076200034321861,0,current_balance,monitor,medium
L101652,0.4233084245368821,0,current_balance,monitor,medium
L101652,0.4154803509690697,0,current_balance,monitor,medium
L101652,0.3700511034084583,0,current_balance,monitor,medium
L101655,0.5050621067927765,0,current_balance,review,medium
L101655,0.5308863109169712,0,current_balance,review,medium
L101655,0.5268351602630914,0,current_balance,review,medium
L101655,0.518030685256351,0,current_balance,review,medium
L101655,0.5324617643620444,0,current_balance,review,medium
L101655,0.5207001151725793,0,current_balance,review,medium
L101655,0.5134297286854409,0,current_balance,review,medium
L101655,0.5203414668562699,0,current_balance,review,medium
L101655,0.5179999479641417,0,current_balance,review,medium
L101655,0.5103286318164693,0,current_balance,review,medium
L101655,0.4929906989966888,0,current_balance,monitor,medium
L101655,0.4647293794984446,0,current_balance,monitor,medium
L101657,0.47769126979954174,0,current_balance,monitor,medium
L101657,0.4640885674973216,0,current_balance,monitor,medium
L101657,0.4768426737902552,0,current_balance,monitor,medium
L101657,0.4707329132038649,0,current_balance,monitor,medium
L101657,0.4703869489077333,0,current_balance,monitor,medium
L101657,0.4697745744182991,0,current_balance,monitor,medium
L101657,0.4902462984818674,0,current_balance,monitor,medium
L101657,0.49881540304969496,0,current_balance,monitor,medium
L101657,0.47144388086277444,0,current_balance,monitor,medium
L101657,0.46863042590624865,0,current_balance,monitor,medium
L101657,0.45315812278244944,0,current_balance,monitor,medium
L101657,0.38689697208027063,0,current_balance,monitor,medium
L101658,0.3790559323600954,0,current_balance,monitor,medium
L101658,0.4196145222564901,0,current_balance,monitor,medium
L101658,0.4221391001903621,0,current_balance,monitor,medium
L101658,0.4251255631508707,0,current_balance,monitor,medium
L101658,0.4183715422510379,0,current_balance,monitor,medium
L101658,0.4052596114891869,0,current_balance,monitor,medium
L101658,0.3635437746328081,0,current_balance,monitor,medium
L101658,0.3700959262565749,0,current_balance,monitor,medium
L101658,0.3609484622328536,0,current_balance,monitor,medium
L101658,0.3636858645648969,0,current_balance,monitor,medium
L101658,0.3865729990576073,0,current_balance,monitor,medium
L101658,0.3377954370460732,0,current_balance,monitor,medium
L101661,0.36638740332251435,0,current_balance,monitor,medium
L101661,0.3803514348774687,0,current_balance,monitor,medium
L101661,0.41219778805707513,0,current_balance,monitor,medium
L101661,0.41034634384794716,0,current_balance,monitor,medium
L101661,0.40855936052771397,0,current_balance,monitor,medium
L101661,0.3755552733416581,0,current_balance,monitor,medium
L101661,0.3786989316016911,0,current_balance,monitor,medium
L101661,0.38137121081923264,0,current_balance,monitor,medium
L101661,0.4056548485403954,0,current_balance,monitor,medium
L101661,0.39073810568708206,0,current_balance,monitor,medium
L101661,0.39212516460193775,0,current_balance,monitor,medium
L101661,0.38355872439348154,0,current_balance,monitor,medium
L101662,0.45062935612522537,0,current_balance,monitor,medium
L101662,0.5884166213170368,0,current_balance,review,medium
L101662,0.4717940774620597,0,current_balance,monitor,medium
L101662,0.49753158077429577,0,current_balance,monitor,medium
L101662,0.47538432474436726,0,current_balance,monitor,medium
L101662,0.5527555220736108,0,current_balance,review,medium
L101662,0.4463341804794917,0,current_balance,monitor,medium
L101662,0.4590321003585982,0,current_balance,monitor,medium
L101662,0.47536004464559467,0,current_balance,monitor,medium
L101662,0.5508794610358904,0,current_balance,review,medium
L101662,0.4527513991185979,0,current_balance,monitor,medium
L101662,0.5263104868218235,0,current_balance,review,medium
L101664,0.3445459853148425,0,current_balance,monitor,medium
L101664,0.3348677664484825,0,current_balance,monitor,medium
L101664,0.3601973046641853,0,current_balance,monitor,medium
L101664,0.36388537437176555,0,current_balance,monitor,medium
L101664,0.06618041209695363,0,current_balance,monitor,low
L101672,0.2957939419253173,0,current_balance,monitor,low
L101672,0.34047368123940663,0,current_balance,monitor,medium
L101672,0.35985299352151406,0,current_balance,monitor,medium
L101672,0.3849346603705518,0,current_balance,monitor,medium
L101672,0.3914011884216486,0,current_balance,monitor,medium
L101672,0.3894369762085471,0,current_balance,monitor,medium
L101672,0.37413187378154106,0,current_balance,monitor,medium
L101672,0.3769645925281801,0,current_balance,monitor,medium
L101672,0.39580246683602427,0,current_balance,monitor,medium
L101672,0.3844454333240793,0,current_balance,monitor,medium
L101672,0.38106282531480695,0,current_balance,monitor,medium
L101672,0.32863172456480255,0,current_balance,monitor,medium
L101674,0.5058805208266807,0,current_balance,review,medium
L101674,0.5024469103713589,0,current_balance,review,medium
L101674,0.5070769936868202,0,current_balance,review,medium
L101674,0.4944491406728712,0,current_balance,monitor,medium
L101674,0.5005954822975139,0,current_balance,review,medium
L101674,0.4910849893839112,0,current_balance,monitor,medium
L101674,0.48656542927676333,0,current_balance,monitor,medium
L101674,0.49637611688029865,0,current_balance,monitor,medium
L101674,0.49948906444013697,0,current_balance,monitor,medium
L101674,0.49899291255357753,0,current_balance,monitor,medium
L101674,0.47434401633537404,0,current_balance,monitor,medium
L101674,0.42092696180198436,0,current_balance,monitor,medium
L101684,0.28791246733406595,0,current_balance,monitor,low
L101684,0.3682884972984349,0,current_balance,monitor,medium
L101684,0.32509728351762746,0,current_balance,monitor,medium
L101684,0.36747386381016933,0,current_balance,monitor,medium
L101684,0.3076439909352904,0,current_balance,monitor,medium
L101684,0.2986971971901983,0,current_balance,monitor,low
L101684,0.2751792556699364,0,current_balance,monitor,low
L101684,0.3007711519310503,0,current_balance,monitor,medium
L101684,0.29958107613587015,0,current_balance,monitor,low
L101684,0.2658012997866265,0,current_balance,monitor,low
L101684,0.23399244916970535,0,current_balance,monitor,low
L101684,0.24848971691390254,0,current_balance,monitor,low
L101685,0.545151100280033,0,current_balance,review,medium
L101685,0.4845011159479993,0,current_balance,monitor,medium
L101685,0.47139270914128156,0,current_balance,monitor,medium
L101685,0.5463231689359698,0,current_balance,review,medium
L101685,0.46060633551704094,0,current_balance,monitor,medium
L101685,0.4534419081273879,0,current_balance,monitor,medium
L101685,0.5530275333479849,0,current_balance,review,medium
L101685,0.4606179945608612,0,current_balance,monitor,medium
L101685,0.44753829699099257,0,current_balance,monitor,medium
L101685,0.4994004047439597,0,current_balance,monitor,medium
L101685,0.4328194794105741,0,current_balance,monitor,medium
L101685,0.33026463055824457,0,current_balance,monitor,medium
L101689,0.49332787762563635,0,current_balance,monitor,medium
L101689,0.5362521251642103,0,current_balance,review,medium
L101689,0.544865064795708,0,current_balance,review,medium
L101689,0.554041518879577,0,current_balance,review,medium
L101689,0.5428521013869954,0,current_balance,review,medium
L101689,0.5365051856472142,0,current_balance,review,medium
L101689,0.5460365702264484,0,current_balance,review,medium
L101689,0.5414593842149877,0,current_balance,review,medium
L101689,0.5356636822504259,0,current_balance,review,medium
L101689,0.5170193965511977,0,current_balance,review,medium
L101689,0.5068451280860468,0,current_balance,review,medium
L101689,0.4600313433374984,0,current_balance,monitor,medium
L101694,0.450615835324222,0,current_balance,monitor,medium
L101694,0.45641826224597026,0,current_balance,monitor,medium
L101694,0.4689835736381167,0,current_balance,monitor,medium
L101694,0.4906984736062494,0,current_balance,monitor,medium
L101694,0.49499149984667795,0,current_balance,monitor,medium
L101694,0.46076216749279475,0,current_balance,monitor,medium
L101694,0.5011833995509517,0,current_balance,review,medium
L101694,0.47848084902156857,0,current_balance,monitor,medium
L101694,0.4967617555566288,0,current_balance,monitor,medium
L101694,0.465477505256157,0,current_balance,monitor,medium
L101694,0.47627276564089477,0,current_balance,monitor,medium
L101694,0.42856745041848304,0,current_balance,monitor,medium
L101711,0.4440551617938086,0,current_balance,monitor,medium
L101711,0.44582966495521165,0,current_balance,monitor,medium
L101711,0.437787357522521,0,current_balance,monitor,medium
L101711,0.46782917477873914,0,current_balance,monitor,medium
L101711,0.4639960242040317,0,current_balance,monitor,medium
L101711,0.5070272775551367,0,current_balance,review,medium
L101711,0.4425878309292656,0,current_balance,monitor,medium
L101711,0.48248104655068524,0,current_balance,monitor,medium
L101711,0.43132806098999327,0,current_balance,monitor,medium
L101711,0.4164891157830562,1,current_balance,monitor,medium
L101711,0.454629972798814,1,current_balance,monitor,medium
L101711,0.44163812196819086,0,current_balance,monitor,medium
L101712,0.35839555986019006,0,current_balance,monitor,medium
L101712,0.3796421334414876,0,current_balance,monitor,medium
L101712,0.35382548503002675,0,current_balance,monitor,medium
L101712,0.3756575773471337,0,current_balance,monitor,medium
L101712,0.37093158076918925,0,current_balance,monitor,medium
L101712,0.11289049965624665,0,current_balance,monitor,low
L101721,0.5294070392632925,0,current_balance,review,medium
L101721,0.5470165315717402,0,current_balance,review,medium
L101721,0.5555971296826873,0,current_balance,review,medium
L101721,0.49451575985265245,0,current_balance,monitor,medium
L101721,0.5049802202223258,0,current_balance,review,medium
L101721,0.5491820679789459,0,current_balance,review,medium
L101721,0.542942075389379,0,current_balance,review,medium
L101721,0.48620447785458537,0,current_balance,monitor,medium
L101721,0.48376193523132244,0,current_balance,monitor,medium
L101721,0.5275181837761654,0,current_balance,review,medium
L101721,0.4511977561548645,0,current_balance,monitor,medium
L101721,0.48704134743211136,0,current_balance,monitor,medium
L101722,0.3869924484960675,0,current_balance,monitor,medium
L101722,0.33438788118430623,0,current_balance,monitor,medium
L101722,0.33067069251362297,0,current_balance,monitor,medium
L101722,0.0788586496839215,0,current_balance,monitor,low
L101727,0.38820477262854325,0,current_balance,monitor,medium
L101727,0.3977152135761509,0,current_balance,monitor,medium
L101727,0.40034036611260726,0,current_balance,monitor,medium
L101727,0.39651648553838403,0,current_balance,monitor,medium
L101727,0.39961852166920886,0,current_balance,monitor,medium
L101727,0.3853715355271711,0,current_balance,monitor,medium
L101727,0.41229746431729636,0,current_balance,monitor,medium
L101727,0.3398824312916503,0,current_balance,monitor,medium
L101727,0.3208833734621056,0,current_balance,monitor,medium
L101727,0.3053205218113366,0,current_balance,monitor,medium
L101727,0.307895002130672,0,current_balance,monitor,medium
L101727,0.24577800300445424,0,current_balance,monitor,low
L101728,0.2796402934029023,0,current_balance,monitor,low
L101728,0.2851598116823986,0,current_balance,monitor,low
L101728,0.339598865471672,0,current_balance,monitor,medium
L101728,0.2611364883812233,0,current_balance,monitor,low
L101728,0.2663961756009132,0,current_balance,monitor,low
L101728,0.2605996266978098,0,current_balance,monitor,low
L101728,0.3059884022529236,0,current_balance,monitor,medium
L101728,0.323716451196476,0,current_balance,monitor,medium
L101728,0.2951348918078223,0,current_balance,monitor,low
L101728,0.28473103654128307,0,current_balance,monitor,low
L101728,0.3262952401711925,0,current_balance,monitor,medium
L101728,0.2886172932242052,0,current_balance,monitor,low
L101735,0.4432694933903928,0,current_balance,monitor,medium
L101735,0.40851224162876554,0,current_balance,monitor,medium
L101735,0.444734115071789,0,current_balance,monitor,medium
L101735,0.4336386261144049,0,current_balance,monitor,medium
L101735,0.4295461672736265,0,current_balance,monitor,medium
L101735,0.5179805865143184,0,current_balance,review,medium
L101735,0.5265260076796132,0,current_balance,review,medium
L101735,0.37545003249661796,1,current_balance,monitor,medium
L101745,0.4531251179108764,0,current_balance,monitor,medium
L101745,0.45294807815587157,0,current_balance,monitor,medium
L101745,0.4591140165943651,0,current_balance,monitor,medium
L101745,0.4458986687086679,0,current_balance,monitor,medium
L101745,0.46722931872114853,0,current_balance,monitor,medium
L101745,0.4546901740465787,0,current_balance,monitor,medium
L101745,0.45885140901856986,0,current_balance,monitor,medium
L101745,0.45937933657428337,0,current_balance,monitor,medium
L101745,0.4710361596732364,0,current_balance,monitor,medium
L101745,0.47217467372661764,0,current_balance,monitor,medium
L101745,0.4645983742688141,0,current_balance,monitor,medium
L101745,0.3959936000739268,0,current_balance,monitor,medium
L101746,0.37787588225665836,0,current_balance,monitor,medium
L101746,0.43117595730406216,0,current_balance,monitor,medium
L101746,0.33902079012639247,1,current_balance,monitor,medium
L101746,0.363181146228827,1,current_balance,monitor,medium
L101746,0.3804277517566527,0,current_balance,monitor,medium
L101746,0.37300989337711243,0,current_balance,monitor,medium
L101746,0.3611116235380136,0,current_balance,monitor,medium
L101746,0.35462909840128326,0,current_balance,monitor,medium
L101746,0.3601316607667941,0,current_balance,monitor,medium
L101746,0.3737984331216403,0,current_balance,monitor,medium
L101746,0.45454825713841873,0,current_balance,monitor,medium
L101746,0.2977491183292884,0,current_balance,monitor,low
L101756,0.3463004123042291,0,current_balance,monitor,medium
L101756,0.4343878175281828,0,current_balance,monitor,medium
L101756,0.3478170913152469,0,current_balance,monitor,medium
L101756,0.3838387389953434,0,current_balance,monitor,medium
L101756,0.3489064824811484,0,current_balance,monitor,medium
L101756,0.34004030727688184,0,current_balance,monitor,medium
L101756,0.3279030261672762,0,current_balance,monitor,medium
L101756,0.35241759173178716,0,current_balance,monitor,medium
L101756,0.36312388979261107,0,current_balance,monitor,medium
L101756,0.385621870289052,0,current_balance,monitor,medium
L101756,0.3865128169778317,0,current_balance,monitor,medium
L101756,0.3674256594518491,0,current_balance,monitor,medium
L101762,0.26786268280146414,0,current_balance,monitor,low
L101762,0.2611118043433088,0,current_balance,monitor,low
L101762,0.3229043354247624,0,current_balance,monitor,medium
L101762,0.2433181501301241,0,current_balance,monitor,low
L101762,0.28390856612191867,0,current_balance,monitor,low
L101762,0.21808950078687822,0,current_balance,monitor,low
L101762,0.1383536124636092,0,current_balance,monitor,low
L101762,0.12842798129609978,0,current_balance,monitor,low
L101762,0.17982920873428543,0,current_balance,monitor,low
L101762,0.356291066661882,0,current_balance,monitor,medium
L101762,0.240801999705382,0,current_balance,monitor,low
L101762,0.29776193208841933,0,current_balance,monitor,low
L101769,0.3035481825691207,0,current_balance,monitor,medium
L101769,0.30717567969652854,0,current_balance,monitor,medium
L101769,0.3434455910254421,0,current_balance,monitor,medium
L101769,0.3308800439506858,0,current_balance,monitor,medium
L101769,0.112544774253855,0,current_balance,monitor,low
L101774,0.532196640752526,0,current_balance,review,medium
L101774,0.5443062601385318,0,current_balance,review,medium
L101774,0.5484314523446451,0,current_balance,review,medium
L101774,0.5297484870784739,0,current_balance,review,medium
L101785,0.3835841349051504,0,current_balance,monitor,medium
L101785,0.44711882878467146,0,current_balance,monitor,medium
L101785,0.4482918208202618,0,current_balance,monitor,medium
L101785,0.40802323883118513,0,current_balance,monitor,medium
L101785,0.4311735348301047,0,current_balance,monitor,medium
L101785,0.39037286976382385,0,current_balance,monitor,medium
L101785,0.43425276780664307,0,current_balance,monitor,medium
L101785,0.44152114631085787,0,current_balance,monitor,medium
L101785,0.34208893178892824,0,current_balance,monitor,medium
L101785,0.34646046443676437,0,current_balance,monitor,medium
L101785,0.39598826207821647,0,current_balance,monitor,medium
L101785,0.4177739373191264,0,current_balance,monitor,medium
L101786,0.3775629902904275,0,current_balance,monitor,medium
L101786,0.37512691854502556,0,current_balance,monitor,medium
L101786,0.3880233912881571,0,current_balance,monitor,medium
L101786,0.36974998192446124,0,current_balance,monitor,medium
L101786,0.3649203124090708,0,current_balance,monitor,medium
L101786,0.33646825862190705,0,current_balance,monitor,medium
L101786,0.33727550107128557,0,current_balance,monitor,medium
L101786,0.33464298129794445,0,current_balance,monitor,medium
L101786,0.3503180232500893,0,current_balance,monitor,medium
L101786,0.316798252401444,0,current_balance,monitor,medium
L101786,0.30823725856344136,0,current_balance,monitor,medium
L101786,0.2621166915605429,0,current_balance,monitor,low
L101788,0.518329022789216,0,current_balance,review,medium
L101788,0.5046539151150149,0,current_balance,review,medium
L101788,0.5002191683190387,0,current_balance,review,medium
L101788,0.4241690646301544,0,current_balance,monitor,medium
L101788,0.41812866405180166,0,current_balance,monitor,medium
L101788,0.489318752426254,0,current_balance,monitor,medium
L101788,0.4421946550879951,0,current_balance,monitor,medium
L101788,0.43471509212494447,0,current_balance,monitor,medium
L101788,0.5083521722212487,0,current_balance,review,medium
L101788,0.5127084594809417,0,current_balance,review,medium
L101788,0.3891559429220148,0,current_balance,monitor,medium
L101788,0.37258038975267027,0,current_balance,monitor,medium
L101806,0.4353059859645285,0,current_balance,monitor,medium
L101806,0.4476551424657967,0,current_balance,monitor,medium
L101806,0.4475666177037045,0,current_balance,monitor,medium
L101806,0.4318288937297217,0,current_balance,monitor,medium
L101806,0.4481078422887711,0,current_balance,monitor,medium
L101806,0.43317511866374103,0,current_balance,monitor,medium
L101806,0.43437249857230753,0,current_balance,monitor,medium
L101806,0.42875853833581695,0,current_balance,monitor,medium
L101806,0.42803126851673434,0,current_balance,monitor,medium
L101806,0.41251329326577924,0,current_balance,monitor,medium
L101806,0.42314574821454387,0,current_balance,monitor,medium
L101806,0.38117011589565986,0,current_balance,monitor,medium
L101808,0.5624606788963745,0,current_balance,review,medium
L101808,0.5373498304825809,0,current_balance,review,medium
L101808,0.5633029669780012,0,current_balance,review,medium
L101808,0.5479076949764783,0,current_balance,review,medium
L101808,0.5566066625705901,0,current_balance,review,medium
L101808,0.5633788755840078,0,current_balance,review,medium
L101808,0.5627199843346379,0,current_balance,review,medium
L101808,0.5345322873082595,0,current_balance,review,medium
L101808,0.5254231885614626,0,current_balance,review,medium
L101808,0.5237238253099662,0,current_balance,review,medium
L101808,0.47092404058172704,0,current_balance,monitor,medium
L101808,0.4376140949762076,0,current_balance,monitor,medium
L101809,0.3654781473743662,0,current_balance,monitor,medium
L101809,0.38457196138579114,0,current_balance,monitor,medium
L101809,0.40749463128919833,0,current_balance,monitor,medium
L101809,0.40128636429718867,0,current_balance,monitor,medium
L101809,0.398960999674596,0,current_balance,monitor,medium
L101809,0.35908964177688807,0,current_balance,monitor,medium
L101809,0.367006891073993,0,current_balance,monitor,medium
L101809,0.3526584824610817,0,current_balance,monitor,medium
L101809,0.3583768325191734,0,current_balance,monitor,medium
L101809,0.3704912527737518,0,current_balance,monitor,medium
L101809,0.38742632981178204,0,current_balance,monitor,medium
L101809,0.3750004350816812,0,current_balance,monitor,medium
L101811,0.5120722874785113,0,current_balance,review,medium
L101811,0.5030473990739511,0,current_balance,review,medium
L101811,0.4767997597117035,0,current_balance,monitor,medium
L101811,0.48818769983944593,0,current_balance,monitor,medium
L101811,0.47219476467670596,1,current_balance,monitor,medium
L101813,0.34506836545011027,0,current_balance,monitor,medium
L101813,0.05827163077023375,0,current_balance,monitor,low
L101816,0.2855044446596257,0,current_balance,monitor,low
L101816,0.3494477264583611,0,current_balance,monitor,medium
L101816,0.3576080186982809,0,current_balance,monitor,medium
L101816,0.29474166876703667,0,current_balance,monitor,low
L101816,0.29482378463862885,0,current_balance,monitor,low
L101816,0.2765220118721705,0,current_balance,monitor,low
L101816,0.2916826636220678,0,current_balance,monitor,low
L101816,0.2857744804158683,0,current_balance,monitor,low
L101816,0.3288258922148644,0,current_balance,monitor,medium
L101816,0.24466114157683094,0,current_balance,monitor,low
L101816,0.24245709749324182,0,current_balance,monitor,low
L101816,0.2231689936990049,0,current_balance,monitor,low
L101821,0.40855913530443366,0,current_balance,monitor,medium
L101821,0.4019529943312051,0,current_balance,monitor,medium
L101821,0.08884055462792859,0,current_balance,monitor,low
L101828,0.28840668716667034,0,current_balance,monitor,low
L101828,0.3009381707442705,0,current_balance,monitor,medium
L101828,0.3171100815938305,0,current_balance,monitor,medium
L101828,0.3109266284220013,0,current_balance,monitor,medium
L101828,0.37532226244034533,0,current_balance,monitor,medium
L101828,0.3433858151084339,0,current_balance,monitor,medium
L101828,0.30579210604691887,0,current_balance,monitor,medium
L101828,0.3436425314001793,0,current_balance,monitor,medium
L101828,0.390395816360686,0,current_balance,monitor,medium
L101828,0.34976097428314257,0,current_balance,monitor,medium
L101828,0.33858604947975107,0,current_balance,monitor,medium
L101828,0.3176208818554672,0,current_balance,monitor,medium
L101835,0.38825226974199717,0,current_balance,monitor,medium
L101835,0.38503589523717996,0,current_balance,monitor,medium
L101835,0.38694281369953454,0,current_balance,monitor,medium
L101835,0.4170912308882804,0,current_balance,monitor,medium
L101835,0.41793432407514336,0,current_balance,monitor,medium
L101835,0.36533302085926217,0,current_balance,monitor,medium
L101835,0.4235186552240354,0,current_balance,monitor,medium
L101835,0.36504867896889354,0,current_balance,monitor,medium
L101835,0.358719410203194,0,current_balance,monitor,medium
L101835,0.4127917937963722,0,current_balance,monitor,medium
L101835,0.4089543302540588,0,current_balance,monitor,medium
L101835,0.33224335259738874,0,current_balance,monitor,medium
L101840,0.45722047038103575,0,current_balance,monitor,medium
L101840,0.44821547983367593,0,current_balance,monitor,medium
L101840,0.45425153391523615,0,current_balance,monitor,medium
L101840,0.4402927163179463,0,current_balance,monitor,medium
L101840,0.4624605743300757,0,current_balance,monitor,medium
L101840,0.4622040155939257,0,current_balance,monitor,medium
L101840,0.47806245155359567,0,current_balance,monitor,medium
L101840,0.478333645409068,0,current_balance,monitor,medium
L101840,0.47673167227705726,0,current_balance,monitor,medium
L101840,0.47886543805045517,0,current_balance,monitor,medium
L101840,0.4617935855669833,0,current_balance,monitor,medium
L101840,0.3743682562617712,0,current_balance,monitor,medium
L101848,0.43611655723973336,0,current_balance,monitor,medium
L101848,0.44251359809906643,0,current_balance,monitor,medium
L101848,0.45859183820805816,0,current_balance,monitor,medium
L101848,0.45607727890498806,0,current_balance,monitor,medium
L101848,0.4607384006441162,0,current_balance,monitor,medium
L101848,0.48234897545359073,0,current_balance,monitor,medium
L101848,0.45892870925583895,0,current_balance,monitor,medium
L101848,0.4514843790158708,0,current_balance,monitor,medium
L101848,0.4536543859147673,0,current_balance,monitor,medium
L101848,0.4532712042927637,0,current_balance,monitor,medium
L101848,0.42004084435727307,0,current_balance,monitor,medium
L101848,0.43092580497450284,0,current_balance,monitor,medium
L101855,0.4667052678472961,0,current_balance,monitor,medium
L101855,0.4683825006294645,0,current_balance,monitor,medium
L101855,0.46422870259971477,0,current_balance,monitor,medium
L101855,0.4645868929422705,0,current_balance,monitor,medium
L101855,0.5077468603227602,0,current_balance,review,medium
L101855,0.5022061054556228,0,current_balance,review,medium
L101855,0.4244125131840842,1,current_balance,monitor,medium
L101855,0.4549197404782839,0,current_balance,monitor,medium
L101855,0.4973966310539605,0,current_balance,monitor,medium
L101855,0.45687500058418146,0,current_balance,monitor,medium
L101855,0.43391480875363947,0,current_balance,monitor,medium
L101855,0.36651806522832286,0,current_balance,monitor,medium
L101857,0.36310315455360076,0,current_balance,monitor,medium
L101857,0.4086624299348277,0,current_balance,monitor,medium
L101857,0.413191211086647,0,current_balance,monitor,medium
L101857,0.37356184393183084,0,current_balance,monitor,medium
L101857,0.41408881004755066,0,current_balance,monitor,medium
L101857,0.3912480917024719,0,current_balance,monitor,medium
L101857,0.3711106930655708,0,current_balance,monitor,medium
L101857,0.4113429627405403,0,current_balance,monitor,medium
L101857,0.3996999409941975,0,current_balance,monitor,medium
L101857,0.3870865297568758,0,current_balance,monitor,medium
L101857,0.395198404871202,0,current_balance,monitor,medium
L101857,0.38536076203198616,0,current_balance,monitor,medium
L101858,0.3594444995343772,0,current_balance,monitor,medium
L101858,0.5262981132332706,0,current_balance,review,medium
L101858,0.545696896623504,0,current_balance,review,medium
L101858,0.5347559316646947,0,current_balance,review,medium
L101858,0.38851276224375575,0,current_balance,monitor,medium
L101858,0.4037423994053026,0,current_balance,monitor,medium
L101858,0.530562658834938,0,current_balance,review,medium
L101858,0.39448844885111084,0,current_balance,monitor,medium
L101858,0.5191412431646845,0,current_balance,review,medium
L101858,0.3894422711259593,0,current_balance,monitor,medium
L101858,0.475750541257047,0,current_balance,monitor,medium
L101858,0.33505665044454797,0,current_balance,monitor,medium
L101859,0.3357077816997722,0,current_balance,monitor,medium
L101859,0.3253289305220971,0,current_balance,monitor,medium
L101859,0.36283207142866525,0,current_balance,monitor,medium
L101859,0.4645409109228533,0,current_balance,monitor,medium
L101859,0.39529977753232454,0,current_balance,monitor,medium
L101859,0.32097129071367286,0,current_balance,monitor,medium
L101859,0.38855365973763056,0,current_balance,monitor,medium
L101859,0.3707624261409053,0,current_balance,monitor,medium
L101859,0.13819185171563794,0,current_balance,monitor,low
L101865,0.29402677826197,0,current_balance,monitor,low
L101865,0.3004641196319638,0,current_balance,monitor,medium
L101865,0.33610562597430843,0,current_balance,monitor,medium
L101865,0.2962882762908691,0,current_balance,monitor,low
L101865,0.30078102473524365,0,current_balance,monitor,medium
L101865,0.30002173687854,0,current_balance,monitor,medium
L101865,0.3141795302502196,0,current_balance,monitor,medium
L101865,0.3107972511981421,0,current_balance,monitor,medium
L101865,0.3465910066039839,0,current_balance,monitor,medium
L101865,0.3585549553516236,0,current_balance,monitor,medium
L101865,0.38446170981153793,0,current_balance,monitor,medium
L101865,0.33069489356081083,0,current_balance,monitor,medium
L101870,0.4604261176534705,0,current_balance,monitor,medium
L101870,0.4518384626127775,0,current_balance,monitor,medium
L101870,0.4679107890333682,0,current_balance,monitor,medium
L101870,0.44582866718530056,0,current_balance,monitor,medium
L101870,0.46584273608740767,0,current_balance,monitor,medium
L101870,0.4462050510331141,0,current_balance,monitor,medium
L101870,0.44104193028779887,0,current_balance,monitor,medium
L101870,0.4324915022585442,0,current_balance,monitor,medium
L101870,0.44714011785275654,0,current_balance,monitor,medium
L101870,0.4543697433919764,0,current_balance,monitor,medium
L101870,0.43931700855932687,0,current_balance,monitor,medium
L101870,0.3860173470187349,0,current_balance,monitor,medium
L101875,0.4099695804461976,0,current_balance,monitor,medium
L101875,0.3284789701182808,0,current_balance,monitor,medium
L101875,0.34381316663332745,0,current_balance,monitor,medium
L101875,0.3115045621488093,0,current_balance,monitor,medium
L101875,0.33250268978151726,0,current_balance,monitor,medium
L101875,0.27156194552716967,0,current_balance,monitor,low
L101875,0.30095010599746,0,current_balance,monitor,medium
L101875,0.29695548983162945,0,current_balance,monitor,low
L101875,0.43124413255512695,0,current_balance,monitor,medium
L101875,0.25394974814544935,0,current_balance,monitor,low
L101875,0.2820398545283841,0,current_balance,monitor,low
L101875,0.21387144822489712,0,current_balance,monitor,low
L101878,0.3703725773662076,0,current_balance,monitor,medium
L101878,0.35816892984605425,1,current_balance,monitor,medium
L101878,0.39746733979729876,0,current_balance,monitor,medium
L101878,0.4045697510873721,0,current_balance,monitor,medium
L101878,0.36004059464799115,0,current_balance,monitor,medium
L101878,0.3676346753216302,0,current_balance,monitor,medium
L101878,0.3828069528543276,0,current_balance,monitor,medium
L101878,0.37789899040720676,0,current_balance,monitor,medium
L101878,0.42751847646995217,0,current_balance,monitor,medium
L101878,0.34434091578065784,0,current_balance,monitor,medium
L101878,0.3909671992364611,0,current_balance,monitor,medium
L101878,0.33316210010003156,0,current_balance,monitor,medium
L101879,0.47944254571975947,0,current_balance,monitor,medium
L101879,0.45885027876837275,0,current_balance,monitor,medium
L101879,0.46108746148864016,0,current_balance,monitor,medium
L101879,0.46589171339038765,0,current_balance,monitor,medium
L101879,0.462310400616386,0,current_balance,monitor,medium
L101879,0.4722167061412372,0,current_balance,monitor,medium
L101879,0.47233991110712625,0,current_balance,monitor,medium
L101879,0.45347223857817553,0,current_balance,monitor,medium
L101879,0.4773411266631404,0,current_balance,monitor,medium
L101879,0.48378235410469395,0,current_balance,monitor,medium
L101879,0.45737722914651385,0,current_balance,monitor,medium
L101879,0.4034347305382805,0,current_balance,monitor,medium
L101880,0.383643160424153,1,current_balance,monitor,medium
L101880,0.4096694534688589,0,current_balance,monitor,medium
L101880,0.4436923968533264,0,current_balance,monitor,medium
L101880,0.4317569234722684,0,current_balance,monitor,medium
L101880,0.4300057615082909,0,current_balance,monitor,medium
L101880,0.4392474372007939,0,current_balance,monitor,medium
L101880,0.4374795334724333,0,current_balance,monitor,medium
L101880,0.4282413774703739,0,current_balance,monitor,medium
L101880,0.4244366252151064,0,current_balance,monitor,medium
L101880,0.4088928250240127,0,current_balance,monitor,medium
L101880,0.37864293954607425,0,current_balance,monitor,medium
L101880,0.3399044090480684,0,current_balance,monitor,medium
L101907,0.4342921973000199,0,current_balance,monitor,medium
L101907,0.44925604334316416,0,current_balance,monitor,medium
L101907,0.41065489481574585,1,current_balance,monitor,medium
L101907,0.4387855654166447,0,current_balance,monitor,medium
L101907,0.44586305253875863,0,current_balance,monitor,medium
L101907,0.37676959739037846,0,current_balance,monitor,medium
L101907,0.41557957563861286,0,current_balance,monitor,medium
L101907,0.4124106038649123,0,current_balance,monitor,medium
L101907,0.40497334297666604,0,current_balance,monitor,medium
L101907,0.3950079729509068,0,current_balance,monitor,medium
L101907,0.4751670299739866,0,current_balance,monitor,medium
L101907,0.4134158157677427,0,current_balance,monitor,medium
L101915,0.39933948604502684,0,current_balance,monitor,medium
L101915,0.39941313245331,0,current_balance,monitor,medium
L101915,0.40142786037448114,0,current_balance,monitor,medium
L101915,0.47076725016559323,0,current_balance,monitor,medium
L101915,0.4709810536201562,0,current_balance,monitor,medium
L101915,0.39043392763789725,0,current_balance,monitor,medium
L101915,0.3442625439364065,1,current_balance,monitor,medium
L101915,0.354828796509374,1,current_balance,monitor,medium
L101915,0.3631182961005148,0,current_balance,monitor,medium
L101915,0.3756509318112739,0,current_balance,monitor,medium
L101915,0.36368935780461725,0,current_balance,monitor,medium
L101915,0.31097120870489936,0,current_balance,monitor,medium
L101919,0.4160714313921436,0,current_balance,monitor,medium
L101919,0.42061844657426906,0,current_balance,monitor,medium
L101919,0.347850081195418,0,current_balance,monitor,medium
L101919,0.37068069421528044,0,current_balance,monitor,medium
L101919,0.37580117046219014,0,current_balance,monitor,medium
L101919,0.3846612066791281,0,current_balance,monitor,medium
L101919,0.3861393957745261,0,current_balance,monitor,medium
L101919,0.3768384963576779,0,current_balance,monitor,medium
L101919,0.3551767526183104,0,current_balance,monitor,medium
L101919,0.3333139482101268,0,current_balance,monitor,medium
L101919,0.38469031085414085,0,current_balance,monitor,medium
L101919,0.327449811612605,0,current_balance,monitor,medium
L101921,0.5183178933262442,0,current_balance,review,medium
L101921,0.5187925292603804,0,current_balance,review,medium
L101921,0.4131482808133075,0,current_balance,monitor,medium
L101921,0.09795508692183949,0,current_balance,monitor,low
L101924,0.4061325098783972,0,current_balance,monitor,medium
L101924,0.5179082479972362,0,current_balance,review,medium
L101924,0.4438267862633005,0,current_balance,monitor,medium
L101924,0.42870295549620185,0,current_balance,monitor,medium
L101924,0.09885070373708446,0,current_balance,monitor,low
L101927,0.507147785587045,0,current_balance,review,medium
L101927,0.5135420767519794,0,current_balance,review,medium
L101927,0.5020075128728912,0,current_balance,review,medium
L101927,0.5138988851871581,0,current_balance,review,medium
L101927,0.5105126395654084,0,current_balance,review,medium
L101931,0.35578980645954256,0,current_balance,monitor,medium
L101931,0.3990774592769504,0,current_balance,monitor,medium
L101931,0.38357062300275535,0,current_balance,monitor,medium
L101931,0.3979190639606786,0,current_balance,monitor,medium
L101931,0.1310513341723947,0,current_balance,monitor,low
L101940,0.4031181549805283,0,current_balance,monitor,medium
L101940,0.3745869840544947,0,current_balance,monitor,medium
L101940,0.37927224480730126,0,current_balance,monitor,medium
L101940,0.3947523600409535,0,current_balance,monitor,medium
L101940,0.4172018742708935,0,current_balance,monitor,medium
L101940,0.3749913002346549,0,current_balance,monitor,medium
L101940,0.3516930160809725,0,current_balance,monitor,medium
L101940,0.37041076297214387,0,current_balance,monitor,medium
L101940,0.40770777716052353,0,current_balance,monitor,medium
L101940,0.3769570951232232,0,current_balance,monitor,medium
L101940,0.37539551095194745,0,current_balance,monitor,medium
L101940,0.32675024762053473,0,current_balance,monitor,medium
L101942,0.47101288042990413,0,current_balance,monitor,medium
L101942,0.4292669540314269,0,current_balance,monitor,medium
L101942,0.4112313130200548,0,current_balance,monitor,medium
L101942,0.44227395158616223,0,current_balance,monitor,medium
L101942,0.4398391808700778,0,current_balance,monitor,medium
L101942,0.3777424249442069,0,current_balance,monitor,medium
L101942,0.4073957921136789,0,current_balance,monitor,medium
L101942,0.39167723289917433,0,current_balance,monitor,medium
L101942,0.3912499790893094,0,current_balance,monitor,medium
L101942,0.3627474906440142,0,current_balance,monitor,medium
L101942,0.3738594062585058,0,current_balance,monitor,medium
L101942,0.36569706298330723,0,current_balance,monitor,medium
L101952,0.43933436410231586,0,current_balance,monitor,medium
L101952,0.46054451944547237,0,current_balance,monitor,medium
L101952,0.45328587171779516,0,current_balance,monitor,medium
L101952,0.4487641092108127,0,current_balance,monitor,medium
L101952,0.4677425800569505,0,current_balance,monitor,medium
L101952,0.45787861613082603,0,current_balance,monitor,medium
L101952,0.4595085269460452,0,current_balance,monitor,medium
L101952,0.4697867983615879,0,current_balance,monitor,medium
L101952,0.4703373096430417,0,current_balance,monitor,medium
L101952,0.4905119316880425,0,current_balance,monitor,medium
L101952,0.4777908891340437,0,current_balance,monitor,medium
L101952,0.40838196447630887,0,current_balance,monitor,medium
L101958,0.39418771063517516,0,current_balance,monitor,medium
L101958,0.3966274180616831,0,current_balance,monitor,medium
L101958,0.3943620762133112,0,current_balance,monitor,medium
L101958,0.36303399093190497,0,current_balance,monitor,medium
L101958,0.35825446095024566,0,current_balance,monitor,medium
L101958,0.3449992364739935,0,current_balance,monitor,medium
L101958,0.3494620908040725,0,current_balance,monitor,medium
L101958,0.3600398390228529,0,current_balance,monitor,medium
L101958,0.3775117725819945,0,current_balance,monitor,medium
L101958,0.3749045991796268,0,current_balance,monitor,medium
L101958,0.3688847053878414,0,current_balance,monitor,medium
L101958,0.3300761056048589,0,current_balance,monitor,medium
L101960,0.4956585113491572,0,current_balance,monitor,medium
L101960,0.49514572673743523,0,current_balance,monitor,medium
L101960,0.4931846337869637,0,current_balance,monitor,medium
L101960,0.5000272200344926,0,current_balance,review,medium
L101960,0.4923931709401371,0,current_balance,monitor,medium
L101960,0.5083756516221825,0,current_balance,review,medium
L101960,0.4871602430731452,0,current_balance,monitor,medium
L101960,0.49009500885673773,0,current_balance,monitor,medium
L101960,0.48816162419334946,0,current_balance,monitor,medium
L101960,0.48130444433187686,0,current_balance,monitor,medium
L101960,0.470067592077688,0,current_balance,monitor,medium
L101960,0.4170567976729655,0,current_balance,monitor,medium
L101963,0.34477988935754794,0,current_balance,monitor,medium
L101963,0.2693765932957039,0,current_balance,monitor,low
L101963,0.2789516291804092,0,current_balance,monitor,low
L101963,0.3368775777653423,0,current_balance,monitor,medium
L101963,0.08819127390429894,0,current_balance,monitor,low
L101968,0.3759954693008398,0,current_balance,monitor,medium
L101968,0.4138360683245797,0,current_balance,monitor,medium
L101968,0.48946706113683436,0,current_balance,monitor,medium
L101968,0.4699854026756858,0,current_balance,monitor,medium
L101968,0.4933862033824814,0,current_balance,monitor,medium
L101968,0.48637092707652363,0,current_balance,monitor,medium
L101968,0.4898601075758529,0,current_balance,monitor,medium
L101968,0.4757848805392417,0,current_balance,monitor,medium
L101968,0.48202137681503004,0,current_balance,monitor,medium
L101968,0.4538439071838941,0,current_balance,monitor,medium
L101968,0.4330559221422696,0,current_balance,monitor,medium
L101968,0.39993472492670945,0,current_balance,monitor,medium
L101976,0.3173571304450806,0,current_balance,monitor,medium
L101976,0.30053962140488677,0,current_balance,monitor,medium
L101976,0.30920411531451697,0,current_balance,monitor,medium
L101976,0.29114277638115704,0,current_balance,monitor,low
L101976,0.2974183983188164,0,current_balance,monitor,low
L101976,0.26583720698907093,0,current_balance,monitor,low
L101976,0.2514385492101405,0,current_balance,monitor,low
L101976,0.2616533649597919,0,current_balance,monitor,low
L101976,0.2561292338131073,0,current_balance,monitor,low
L101976,0.26918154842995184,0,current_balance,monitor,low
L101976,0.29717514167106235,0,current_balance,monitor,low
L101976,0.266638079882716,0,current_balance,monitor,low
L101980,0.46700484408666854,0,current_balance,monitor,medium
L101980,0.49583043977649593,0,current_balance,monitor,medium
L101980,0.39402783735086155,0,current_balance,monitor,medium
L101980,0.5060375686886693,0,current_balance,review,medium
L101980,0.5241627898435669,0,current_balance,review,medium
L101980,0.4409460439413738,0,current_balance,monitor,medium
L101980,0.43386701021690677,0,current_balance,monitor,medium
L101980,0.44347495934775466,0,current_balance,monitor,medium
L101980,0.5315642093098396,0,current_balance,review,medium
L101980,0.43951305515973965,0,current_balance,monitor,medium
L101980,0.4866740126145394,0,current_balance,monitor,medium
L101980,0.37049160919721497,0,current_balance,monitor,medium
L101985,0.3896304375272671,0,current_balance,monitor,medium
L101985,0.39937306511673887,0,current_balance,monitor,medium
L101985,0.4761098648749801,0,current_balance,monitor,medium
L101985,0.4002238161626078,0,current_balance,monitor,medium
L101985,0.4480642658399514,0,current_balance,monitor,medium
L101985,0.4246974380291072,0,current_balance,monitor,medium
L101985,0.3693013262721658,0,current_balance,monitor,medium
L101985,0.38216374246150386,0,current_balance,monitor,medium
L101985,0.39320822583556264,0,current_balance,monitor,medium
L101985,0.4182168241341624,0,current_balance,monitor,medium
L101985,0.36964949029585653,0,current_balance,monitor,medium
L101985,0.4227912230266233,0,current_balance,monitor,medium
L101991,0.4726416526618064,0,current_balance,monitor,medium
L101991,0.5017511131620852,0,current_balance,review,medium
L101991,0.49477799266098416,0,current_balance,monitor,medium
L101991,0.4833961296636691,0,current_balance,monitor,medium
L101991,0.4307788987659309,1,current_balance,monitor,medium
L101991,0.4390594279561387,0,current_balance,monitor,medium
L101991,0.47018741740033027,0,current_balance,monitor,medium
L101991,0.5041310188086586,0,current_balance,review,medium
L101991,0.4672548530869409,0,current_balance,monitor,medium
L101991,0.4422010066252101,0,current_balance,monitor,medium
L101991,0.4298834488762253,0,current_balance,monitor,medium
L101991,0.3555174104635336,0,current_balance,monitor,medium
L101995,0.3719267574551886,0,current_balance,monitor,medium
L101995,0.29603913059277487,0,current_balance,monitor,low
L101995,0.31629932286300844,0,current_balance,monitor,medium
L101995,0.30180055792181937,0,current_balance,monitor,medium
L101995,0.2992216311341282,0,current_balance,monitor,low
L101995,0.2636987473405177,0,current_balance,monitor,low
L101995,0.2746195824765689,0,current_balance,monitor,low
L101995,0.22867648758719222,0,current_balance,monitor,low
L101995,0.29260663336634346,0,current_balance,monitor,low
L101995,0.27919055110963037,0,current_balance,monitor,low
L101995,0.31357213536619516,0,current_balance,monitor,medium
L101995,0.2459634890066303,0,current_balance,monitor,low
L101756,0.4343878175281828,0,current_balance,monitor,medium
L101452,0.4028980523577792,0,current_balance,monitor,medium
